npr1_db,metric1,npr2_db,metric2,amp
14.736485,nan,-0.857105,1.27278900e+00,1
14.851727,nan,-0.822077,1.58469057e+00,1
14.890163,nan,-0.896993,1.47158015e+00,1
14.969873,7.12296772e+00,-0.878287,3.17079544e+00,1
14.996902,7.12296772e+00,-0.878196,1.84046733e+00,1
14.866934,2.52530169e+00,-0.869138,2.76169443e+00,1
14.806612,2.52530169e+00,-0.914471,1.21143532e+00,1
14.884471,2.52530169e+00,-0.882302,2.91512012e+00,1
14.887201,3.97440290e+00,-0.863138,5.89917803e+00,1
14.745270,3.97440290e+00,-0.904234,1.88093305e+00,1
14.865152,2.05594659e+00,-0.844360,2.71226788e+00,1
14.944190,2.05594659e+00,-0.951358,1.08646810e+00,1
14.918543,1.06506300e+00,-0.844828,3.57531786e+00,1
14.899169,1.49111474e+00,-0.998784,5.19404507e+00,1
14.869442,1.97612417e+00,-0.926357,1.03413248e+00,1
14.832778,1.97612417e+00,-0.915837,1.89099479e+00,1
14.734289,2.28881526e+00,-0.905119,2.23529267e+00,1
14.847067,2.28881526e+00,-0.840142,4.37686872e+00,1
14.907234,2.28881526e+00,-0.866945,1.73175859e+00,1
14.931874,2.28881526e+00,-0.855390,4.03661108e+00,1
14.792824,2.41337323e+00,-0.855201,4.03661108e+00,1
14.845572,2.41337323e+00,-0.879653,1.27173340e+00,1
14.856169,1.95949352e+00,-0.877488,1.03997588e+00,1
14.813425,1.95949352e+00,-0.996605,1.69235492e+00,1
14.886419,3.10782266e+00,-0.807968,7.85092545e+00,1
14.835553,3.10782266e+00,-0.867213,1.61852670e+00,1
14.927473,1.38134015e+00,-0.944145,1.89949012e+00,1
14.822426,2.79821444e+00,-0.915258,1.26827180e+00,1
14.843264,1.73982596e+00,-0.913722,2.69975877e+00,1
14.758490,1.73982596e+00,-0.923809,1.77137649e+00,1
14.812846,1.73982596e+00,-0.951345,2.67332101e+00,1
14.934690,1.88954496e+00,-0.905742,2.92835140e+00,1
14.813643,1.88954496e+00,-1.002686,1.20212102e+00,1
14.811177,2.37253261e+00,-0.882893,3.47067308e+00,1
14.872046,2.37253261e+00,-0.885177,1.98284483e+00,1
15.029560,2.37253261e+00,-0.890731,2.86044550e+00,1
14.787611,1.37773490e+00,-0.886013,2.54896188e+00,1
14.843403,1.64186192e+00,-0.836857,1.56992698e+00,1
14.952824,1.89452982e+00,-0.971672,1.22470677e+00,1
14.758363,1.89452982e+00,-0.910080,1.65739846e+00,1
14.977351,2.81193900e+00,-0.826826,1.58573461e+00,1
14.920855,2.81193900e+00,-0.896319,1.36775267e+00,1
14.959661,2.81193900e+00,-0.884275,1.51815605e+00,1
14.726597,1.72457099e+00,-0.846992,2.58063221e+00,1
14.875146,1.72457099e+00,-0.865426,1.91701281e+00,1
14.853804,1.72457099e+00,-0.868927,6.99631596e+00,1
14.968480,1.17238736e+00,-0.890968,3.06695819e+00,1
14.930202,1.73238885e+00,-0.875213,3.46839309e+00,1
8.940025,1.62085307e+00,-6.933374,4.58261633e+00,0.5
8.922310,1.73247564e+00,-6.859787,4.54245329e+00,0.5
8.712085,3.51216769e+00,-6.873090,1.26915979e+00,0.5
8.996753,1.83354580e+00,-6.847854,2.53042626e+00,0.5
8.889271,1.83354580e+00,-6.942594,1.86164796e+00,0.5
8.719777,1.67000020e+00,-6.888453,8.29452324e+00,0.5
8.734376,1.67000020e+00,-6.897326,1.65731788e+00,0.5
8.842530,1.67000020e+00,-6.920416,1.56915283e+00,0.5
8.933729,1.03360462e+00,-7.018486,1.70490372e+00,0.5
8.768329,1.03360462e+00,-6.784583,2.51054478e+00,0.5
8.730650,1.44992983e+00,-6.876654,2.19757438e+00,0.5
8.905777,1.33386528e+00,-6.934410,1.92522967e+00,0.5
8.924082,2.71398950e+00,-6.917460,2.23882461e+00,0.5
8.940695,1.47774613e+00,-6.888285,1.65832412e+00,0.5
8.834551,1.47774613e+00,-6.856910,1.47262144e+00,0.5
8.957644,1.64645529e+00,-6.904467,9.28564966e-01,0.5
8.988437,1.64645529e+00,-6.822987,2.55502605e+00,0.5
8.883037,1.64645529e+00,-6.848365,3.38284969e+00,0.5
8.992998,1.64645529e+00,-6.911576,3.86536455e+00,0.5
8.703907,1.64645529e+00,-6.905234,1.89194453e+00,0.5
8.733900,1.23171127e+00,-6.949916,1.73303092e+00,0.5
8.801377,1.05454731e+00,-6.848541,1.17990160e+00,0.5
8.840496,9.72858906e-01,-6.956459,1.62479842e+00,0.5
8.842720,9.72858906e-01,-6.860280,2.68088245e+00,0.5
8.877747,2.78538704e+00,-7.012696,3.18578863e+00,0.5
8.669419,2.78538704e+00,-6.814479,1.04379821e+00,0.5
8.880313,3.36344481e+00,-6.817886,1.69648623e+00,0.5
8.917496,1.22007334e+00,-6.916504,1.71930349e+00,0.5
8.726958,1.22007334e+00,-6.878340,2.93656635e+00,0.5
8.685275,2.16056418e+00,-6.853044,2.59396529e+00,0.5
8.843573,2.16056418e+00,-6.987133,3.27480888e+00,0.5
8.924026,1.95098341e+00,-6.859098,1.92637789e+00,0.5
9.010004,1.95098341e+00,-6.876186,1.93213034e+00,0.5
8.789868,1.95098341e+00,-6.910054,2.84523845e+00,0.5
8.897507,3.40249491e+00,-6.863976,2.61154532e+00,0.5
8.788408,3.40249491e+00,-6.936579,2.47039461e+00,0.5
8.744530,3.40249491e+00,-6.915575,1.88895762e+00,0.5
8.843165,2.46737480e+00,-6.883866,1.38616037e+00,0.5
8.840626,1.05987144e+00,-6.898566,1.97164989e+00,0.5
8.897367,5.39928198e+00,-6.903851,1.62402356e+00,0.5
8.993439,2.66809320e+00,-6.851735,7.34851646e+00,0.5
8.869980,2.66809320e+00,-6.973354,1.88062191e+00,0.5
8.929975,2.94966817e+00,-6.974885,2.64496970e+00,0.5
8.954116,1.71915364e+00,-6.825410,2.42264819e+00,0.5
8.855279,1.71915364e+00,-6.854223,1.57313716e+00,0.5
8.832088,1.71915364e+00,-6.918969,3.53414750e+00,0.5
8.765697,1.71915364e+00,-6.958843,1.59389198e+00,0.5
8.914519,1.71915364e+00,-6.849077,1.40936708e+00,0.5
8.811257,1.71915364e+00,-6.894695,1.71137190e+00,0.5
8.976944,1.71915364e+00,-6.965721,1.60494542e+00,0.5
8.816898,1.71915364e+00,-6.897760,3.47939181e+00,0.5
8.942815,1.71915364e+00,-6.919887,1.10201483e+01,0.5
8.867174,1.71915364e+00,-6.959335,1.44398069e+00,0.5
8.654133,1.71915364e+00,-6.985131,1.72901595e+00,0.5
-5.121781,1.58579218e+00,-20.821491,nan,0.1
-5.231053,1.12591100e+00,-20.828907,nan,0.1
-5.105180,1.17955768e+00,-20.881369,nan,0.1
-5.210556,1.14807129e+00,-20.922926,nan,0.1
-5.050341,8.36330652e-01,-20.901964,nan,0.1
-5.121198,9.56521153e-01,-20.854490,nan,0.1
-5.186790,9.04711723e-01,-20.873777,nan,0.1
-5.150169,9.63585377e-01,-20.895416,nan,0.1
-5.140930,1.19136298e+00,-20.755379,nan,0.1
-5.272361,7.75366902e-01,-20.916233,nan,0.1
-5.243746,2.73180437e+00,-20.921766,nan,0.1
-5.292453,9.10559535e-01,-20.834854,nan,0.1
-5.054917,1.54282677e+00,-20.930099,nan,0.1
-5.164320,8.85170639e-01,-20.867424,nan,0.1
-5.062018,9.73913431e-01,-20.904867,nan,0.1
-5.073445,1.24607968e+00,-20.893938,nan,0.1
-5.181599,8.85011971e-01,-20.850342,nan,0.1
-5.236474,1.14934933e+00,-20.854074,nan,0.1
-5.281829,1.17283654e+00,-20.849903,nan,0.1
-5.073779,1.14002621e+00,-20.817339,nan,0.1
-5.077693,2.31581783e+00,-20.923794,nan,0.1
-5.124819,7.97591209e-01,-20.921457,nan,0.1
-5.078551,8.82765710e-01,-20.882908,nan,0.1
-5.021892,2.52647495e+00,-20.878281,nan,0.1
-5.082119,1.05199528e+00,-20.865875,nan,0.1
-5.217882,7.85070062e-01,-20.829771,nan,0.1
-5.005178,8.38065684e-01,-20.873852,nan,0.1
-5.167662,8.46925318e-01,-20.787704,nan,0.1
-5.229619,1.09334970e+00,-20.871202,nan,0.1
-5.067933,1.00110257e+00,-20.884287,nan,0.1
-5.305923,1.27278829e+00,-20.992186,nan,0.1
-5.212414,1.11217499e+00,-20.858498,nan,0.1
-5.179987,1.21980810e+00,-20.917706,nan,0.1
-4.994115,8.34461451e-01,-20.909115,nan,0.1
-5.242326,1.11150384e+00,-20.872526,nan,0.1
-5.163964,1.27123129e+00,-20.887970,nan,0.1
-5.214250,8.91292810e-01,-20.875109,nan,0.1
-5.233014,9.25358474e-01,-20.863449,nan,0.1
-5.202450,8.64926398e-01,-20.867498,nan,0.1
-5.075147,1.96891558e+00,-20.850014,nan,0.1
-5.104712,9.64418828e-01,-20.850191,nan,0.1
-5.229048,9.34007227e-01,-20.830265,nan,0.1
-5.082903,1.00225306e+00,-20.913692,nan,0.1
-4.987410,8.65770757e-01,-20.904219,nan,0.1
-5.267874,8.28722298e-01,-20.917229,nan,0.1
-4.981425,9.58967030e-01,-20.845966,nan,0.1
-5.064477,6.94335270e+00,-20.845493,nan,0.1
-4.979918,1.40181518e+00,-20.968540,nan,0.1
-5.055985,7.71645069e-01,-20.861986,nan,0.1
-5.132704,1.00704658e+00,-20.846893,nan,0.1
-5.035839,1.09032929e+00,-20.808561,nan,0.1
-5.221284,8.38391423e-01,-20.922632,nan,0.1
-25.123325,9.89710629e-01,-40.946156,nan,0.01
-25.086189,2.11217427e+00,-40.998299,nan,0.01
-25.235264,1.24691665e+00,-40.906563,nan,0.01
-25.092344,1.71065593e+00,-40.922714,nan,0.01
-25.128052,1.08863628e+00,-40.817112,nan,0.01
-25.121174,1.05495942e+00,-40.821766,nan,0.01
-25.093273,1.12682176e+00,-40.838432,nan,0.01
-25.076359,1.40103519e+00,-40.909122,nan,0.01
-24.989243,1.13467038e+00,-40.870598,nan,0.01
-25.123713,1.01162350e+00,-40.815430,nan,0.01
-25.150240,9.61066902e-01,-40.909340,nan,0.01
-25.173004,1.20857692e+00,-40.878868,nan,0.01
-25.260345,9.72097099e-01,-40.845772,nan,0.01
-25.098269,3.57097769e+00,-40.939137,nan,0.01
-25.077606,1.32442605e+00,-40.880226,nan,0.01
-25.230263,9.50786054e-01,-40.945515,nan,0.01
-24.945835,9.31819856e-01,-40.855961,nan,0.01
-25.334213,1.17103207e+00,-40.894375,nan,0.01
-25.052719,1.10552526e+00,-40.893707,nan,0.01
-25.323166,1.04296339e+00,-40.943661,nan,0.01
-25.074177,1.47352040e+00,-40.882359,nan,0.01
-25.048819,8.71060252e-01,-40.863716,nan,0.01
-25.099821,1.19472086e+00,-40.919540,nan,0.01
-25.232437,1.08185017e+00,-40.889492,nan,0.01
-25.044743,1.17632973e+00,-40.917755,nan,0.01
-25.196283,9.46813703e-01,-40.911137,nan,0.01
-25.169657,1.03120303e+00,-40.909454,nan,0.01
-25.142185,1.18753040e+00,-40.876698,nan,0.01
-25.267616,1.06799352e+00,-40.816196,nan,0.01
-25.224855,3.87368989e+00,-40.876671,nan,0.01
-25.129492,9.34103608e-01,-40.933266,nan,0.01
-25.299343,9.63332832e-01,-40.888866,nan,0.01
-25.170248,1.40768111e+00,-40.854588,nan,0.01
-25.057804,9.44002688e-01,-40.928860,nan,0.01
-25.068644,1.35933411e+00,-40.870251,nan,0.01
-25.130249,1.08230841e+00,-40.972641,nan,0.01
-25.261499,1.06988990e+00,-40.834995,nan,0.01
-25.244265,1.14584827e+00,-40.865475,nan,0.01
-25.226658,1.73111808e+00,-40.851826,nan,0.01
-25.021626,1.04662824e+00,-40.904282,nan,0.01
-25.083317,1.60683429e+00,-40.932678,nan,0.01
-25.292303,1.00297606e+00,-40.946930,nan,0.01
-25.056784,1.09046781e+00,-40.890255,nan,0.01
-25.235497,1.38700223e+00,-40.904488,nan,0.01
-25.102236,1.17086649e+00,-40.920570,nan,0.01
-25.088854,1.45214391e+00,-40.801579,nan,0.01
-25.127104,1.06439435e+00,-40.902565,nan,0.01
-25.006012,1.39292574e+00,-40.882355,nan,0.01
-25.288300,3.45583773e+00,-40.893230,nan,0.01
-25.240005,1.47812426e+00,-40.822289,nan,0.01
-25.186264,1.35778546e+00,-40.842308,nan,0.01
28.880613,nan,13.085264,nan,5
28.898502,nan,13.107409,nan,5
28.914129,nan,13.073715,nan,5
28.967068,nan,13.061194,3.25651956e+00,5
28.873051,nan,13.122524,3.25651956e+00,5
28.903559,nan,13.210348,3.25651956e+00,5
28.883600,nan,13.110509,2.10292268e+00,5
28.829290,nan,13.127593,2.10292268e+00,5
28.868160,nan,13.036455,1.32048833e+00,5
28.870625,5.61095810e+00,13.103265,1.32048833e+00,5
28.767612,5.61095810e+00,13.068331,1.32048833e+00,5
28.798225,5.61095810e+00,13.152472,1.32048833e+00,5
28.788214,5.61095810e+00,13.045723,1.32048833e+00,5
28.967154,5.61095810e+00,13.060251,1.32048833e+00,5
28.874044,5.61095810e+00,12.951217,1.32048833e+00,5
28.917271,5.61095810e+00,13.160666,1.32048833e+00,5
28.675358,5.61095810e+00,13.129168,1.32048833e+00,5
28.842041,5.61095810e+00,13.109997,1.32048833e+00,5
28.933414,5.61095810e+00,13.170556,1.32048833e+00,5
28.895586,5.61095810e+00,13.153744,1.32048833e+00,5
28.761110,5.61095810e+00,13.043733,1.32048833e+00,5
28.883141,5.61095810e+00,13.140334,1.32048833e+00,5
28.745871,5.61095810e+00,13.127439,1.32048833e+00,5
28.928493,5.61095810e+00,13.139139,1.32048833e+00,5
28.870380,5.61095810e+00,13.117732,3.84346986e+00,5
28.914482,5.61095810e+00,13.019076,2.79168391e+00,5
28.975399,1.12784302e+00,13.133344,2.79168391e+00,5
28.739679,1.12784302e+00,13.077787,2.79168391e+00,5
28.925468,1.39652336e+00,13.050608,2.79168391e+00,5
28.846895,1.39652336e+00,13.138389,2.79168391e+00,5
28.859810,1.39652336e+00,13.088442,2.79168391e+00,5
28.960016,1.39652336e+00,13.086243,2.79168391e+00,5
28.836143,1.39652336e+00,13.126124,2.79168391e+00,5
28.951395,1.39652336e+00,13.092667,2.79168391e+00,5
28.764416,1.39652336e+00,13.138718,2.79168391e+00,5
28.880407,1.39652336e+00,13.169246,2.79168391e+00,5
28.832352,1.39652336e+00,13.108887,2.79168391e+00,5
28.771236,1.39652336e+00,13.115240,2.79168391e+00,5
28.781143,1.39652336e+00,13.116064,2.79168391e+00,5
28.844658,1.39652336e+00,13.023724,2.79168391e+00,5
28.807823,1.39652336e+00,13.036560,1.84294140e+00,5
28.928549,1.39652336e+00,13.111759,2.60213161e+00,5
28.953579,1.39652336e+00,13.104822,2.60213161e+00,5
28.840740,1.39652336e+00,13.032953,1.51332295e+00,5
28.845404,1.39652336e+00,13.127250,2.21016788e+00,5
20.785362,1.97257125e+00,5.107412,nan,2
20.828283,1.97257125e+00,5.116120,nan,2
20.998508,1.97257125e+00,5.147025,nan,2
20.855875,1.97257125e+00,5.175443,nan,2
20.904388,5.17113209e+00,5.199671,9.82807636e+00,2
20.794279,5.17113209e+00,5.182459,9.82807636e+00,2
21.043531,5.17113209e+00,5.162973,9.82807636e+00,2
20.792160,5.17113209e+00,5.076513,9.82807636e+00,2
20.814198,1.13698101e+00,5.155940,9.82807636e+00,2
20.852207,1.13698101e+00,5.211601,9.82807636e+00,2
20.877342,1.13698101e+00,5.075991,9.82807636e+00,2
20.813036,1.13698101e+00,5.132706,8.02639198e+00,2
20.983877,1.13698101e+00,5.219807,8.02639198e+00,2
20.883963,1.13698101e+00,5.146398,8.02639198e+00,2
20.970066,1.13698101e+00,5.207852,8.02639198e+00,2
20.866611,1.13698101e+00,5.216987,8.02639198e+00,2
20.954191,1.13698101e+00,5.156932,8.02639198e+00,2
20.926542,1.13698101e+00,5.091320,8.02639198e+00,2
20.812725,1.13698101e+00,5.139499,8.02639198e+00,2
20.907104,1.13698101e+00,5.133204,8.02639198e+00,2
20.768349,1.13698101e+00,5.107818,8.02639198e+00,2
20.977978,1.13698101e+00,5.153592,3.46744561e+00,2
20.974663,1.13698101e+00,5.071074,3.46744561e+00,2
20.903866,1.13698101e+00,5.104208,3.46744561e+00,2
20.789537,1.13698101e+00,5.272682,3.46744561e+00,2
20.822542,1.13698101e+00,5.144106,3.46744561e+00,2
20.907940,5.41460705e+00,5.106500,3.46744561e+00,2
20.871140,5.41460705e+00,5.188951,3.46744561e+00,2
20.862766,5.41460705e+00,5.104785,3.46744561e+00,2
20.754894,5.41460705e+00,5.173393,3.46744561e+00,2
20.842159,5.41460705e+00,5.091657,3.46744561e+00,2
20.841599,1.38942158e+00,5.131917,3.46744561e+00,2
20.977060,1.38942158e+00,5.163231,3.46744561e+00,2
20.926828,1.38942158e+00,5.108415,3.46744561e+00,2
20.787487,1.38942158e+00,5.231804,3.46744561e+00,2
20.881935,1.38942158e+00,5.126489,3.46744561e+00,2
20.745766,5.35494709e+00,5.179914,3.46744561e+00,2
20.848892,5.55746174e+00,5.192204,3.46744561e+00,2
20.987610,5.55746174e+00,5.098094,2.63209891e+00,2
20.904200,3.33469748e+00,5.147628,2.63209891e+00,2
20.914423,3.33469748e+00,5.222569,2.63209891e+00,2
20.897991,3.33469748e+00,5.103354,2.49912548e+00,2
20.976883,3.33469748e+00,5.282845,2.49912548e+00,2
20.679295,3.33469748e+00,5.140677,2.49912548e+00,2
20.985811,3.33469748e+00,5.120056,2.49912548e+00,2
20.976393,3.33469748e+00,5.160428,2.49912548e+00,2
21.020840,3.33469748e+00,5.116629,2.49912548e+00,2
20.882196,3.33469748e+00,5.133151,2.49912548e+00,2
24.370270,7.28365850e+00,8.658709,nan,3
24.420761,1.14105499e+00,8.646009,nan,3
24.432562,1.14105499e+00,8.627854,1.39646709e+00,3
24.304142,1.14105499e+00,8.636361,8.65676165e-01,3
24.361492,1.52653491e+00,8.683160,8.65676165e-01,3
24.271091,1.39303076e+00,8.683301,8.65676165e-01,3
24.457743,1.39303076e+00,8.679486,8.65676165e-01,3
24.498447,3.27274561e+00,8.708055,8.65676165e-01,3
24.409821,4.19138145e+00,8.635221,8.65676165e-01,3
24.492559,2.87505388e+00,8.630771,3.01199913e+00,3
24.550274,1.64482653e+00,8.607266,3.01199913e+00,3
24.312134,1.94647861e+00,8.670443,1.75035465e+00,3
24.488413,1.46816766e+00,8.705875,3.13398290e+00,3
24.474705,1.34016228e+00,8.753990,3.62226033e+00,3
24.352701,1.34016228e+00,8.531195,3.62226033e+00,3
24.285072,2.02113986e+00,8.664795,1.41335738e+00,3
24.403963,1.50446677e+00,8.654444,1.41335738e+00,3
24.477966,1.50446677e+00,8.773048,4.01922607e+00,3
24.186497,3.03702021e+00,8.568409,5.57360268e+00,3
24.481178,4.24650192e+00,8.673613,5.57360268e+00,3
24.332569,4.24650192e+00,8.697190,7.87992477e+00,3
24.361298,9.53366160e-01,8.615263,1.49102390e+00,3
24.503782,9.53366160e-01,8.597982,1.49102390e+00,3
24.377964,9.53366160e-01,8.640004,1.49102390e+00,3
24.400066,9.53366160e-01,8.757576,1.49102390e+00,3
24.466366,9.53366160e-01,8.682193,1.49102390e+00,3
24.446743,1.89571762e+00,8.680103,8.50277138e+00,3
24.232807,2.95411563e+00,8.717886,8.50277138e+00,3
24.343298,1.35015142e+00,8.629594,8.50277138e+00,3
24.289530,1.35015142e+00,8.655802,8.50277138e+00,3
24.507175,1.66392112e+00,8.654884,8.50277138e+00,3
24.364449,1.24046021e+01,8.638342,1.37933028e+00,3
24.409006,1.24046021e+01,8.641706,1.99317181e+00,3
26.825089,nan,11.187637,3.72265077e+00,4
27.005913,nan,11.152392,3.72265077e+00,4
27.031433,5.53786182e+00,11.232338,3.72265077e+00,4
26.804811,3.76960015e+00,11.152596,2.82880831e+00,4
26.819397,3.76960015e+00,11.131342,1.51043332e+00,4
26.990025,3.76960015e+00,11.144076,1.51043332e+00,4
26.830959,5.97081137e+00,11.069480,1.51043332e+00,4
26.988842,1.33350408e+00,11.222100,1.41663265e+00,4
26.952602,2.02829409e+00,11.063556,1.41663265e+00,4
26.858604,2.02829409e+00,11.077560,1.41663265e+00,4
26.966915,2.86849976e+00,11.093967,1.41663265e+00,4
27.061455,1.47582531e+00,11.169062,2.94606328e+00,4
26.893847,1.47582531e+00,11.103182,2.94606328e+00,4
26.927309,2.96922445e+00,11.142021,2.85644484e+00,4
26.851080,3.02708864e+00,11.208983,2.85644484e+00,4
27.002356,4.30994892e+00,11.088217,2.85644484e+00,4
26.781408,4.30994892e+00,11.118902,1.74006796e+00,4
26.945141,2.39215660e+00,11.131687,1.74006796e+00,4
26.834885,2.39215660e+00,11.116875,4.43293715e+00,4
26.771223,2.39215660e+00,11.143694,4.43293715e+00,4
27.036770,2.39215660e+00,11.215648,4.43293715e+00,4
26.777613,2.39215660e+00,11.120794,4.43293715e+00,4
26.825638,2.39215660e+00,11.185321,4.43293715e+00,4
26.914631,3.83855343e+00,11.145914,2.69610262e+00,4
26.895725,3.83855343e+00,11.194160,2.69610262e+00,4
26.962721,1.61458051e+00,11.091793,1.85416961e+00,4
26.936605,1.61458051e+00,11.202188,2.63674092e+00,4
26.815710,1.61458051e+00,11.174802,2.63674092e+00,4
26.933895,3.65807104e+00,11.229421,2.63674092e+00,4
26.962109,3.65807104e+00,11.144801,2.63674092e+00,4
26.992191,3.65807104e+00,11.088608,2.63674092e+00,4
26.975449,3.65807104e+00,11.096756,2.63674092e+00,4
26.829689,3.65807104e+00,11.078601,2.63674092e+00,4
26.802231,3.65807104e+00,11.202249,2.63674092e+00,4
26.999752,1.74458838e+00,11.177303,2.63674092e+00,4
26.989717,1.74458838e+00,11.121120,1.53112149e+00,4
26.903473,1.74458838e+00,11.175972,1.53112149e+00,4
26.899994,1.74458838e+00,11.173090,1.53112149e+00,4
26.856045,1.74458838e+00,11.217847,1.53112149e+00,4
27.011631,1.74458838e+00,11.160317,1.53112149e+00,4
26.752338,3.38025761e+00,11.184779,1.53112149e+00,4
26.948032,3.38025761e+00,11.201939,1.95906389e+00,4
26.902699,3.38025761e+00,11.255987,1.95906389e+00,4
26.883575,3.38025761e+00,11.148716,1.06812310e+00,4
27.029179,3.38025761e+00,11.176647,1.06812310e+00,4
26.922932,3.38025761e+00,11.176975,3.82088852e+00,4
26.881367,3.38025761e+00,11.300348,1.73220921e+00,4
27.009968,3.38025761e+00,11.174235,1.73220921e+00,4
26.962780,3.38025761e+00,11.115470,1.73220921e+00,4
26.780184,3.38025761e+00,11.117454,4.45942163e+00,4
26.776348,3.38025761e+00,11.087770,2.31863213e+00,4
26.847496,3.38025761e+00,11.154556,2.31863213e+00,4
54.984955,nan,39.090446,nan,100
54.857372,5.96006870e+00,39.078350,5.93856144e+00,100
54.996277,5.96006870e+00,39.018940,5.93856144e+00,100
54.817566,5.96006870e+00,39.045395,5.93856144e+00,100
54.817085,5.96006870e+00,39.073246,1.67217135e+00,100
54.857365,1.90478170e+00,39.160427,1.90252662e+00,100
54.724010,1.90478170e+00,39.083656,1.90252662e+00,100
54.972778,1.90478170e+00,39.158318,1.90252662e+00,100
54.941593,2.38316536e+00,39.078579,2.38655448e+00,100
55.004509,2.38316536e+00,39.111412,2.38655448e+00,100
54.792152,1.64336598e+00,39.157913,1.63813365e+00,100
54.768024,2.62234306e+00,39.109459,2.58665013e+00,100
54.942360,2.62234306e+00,39.154610,4.76474380e+00,100
54.919022,4.74131298e+00,39.132702,4.76474380e+00,100
54.903862,1.31701291e+00,39.111980,1.32001090e+00,100
54.768867,1.31701291e+00,39.134106,3.60119963e+00,100
54.930679,2.21971059e+00,39.049572,1.98294342e+00,100
54.962315,2.59529185e+00,39.127399,2.58229947e+00,100
54.921783,2.91312385e+00,39.077133,2.58229947e+00,100
54.775116,2.91312385e+00,39.045815,2.58229947e+00,100
54.796783,2.91312385e+00,39.117249,2.58229947e+00,100
54.902222,1.21494985e+00,39.186806,1.20890486e+00,100
55.017136,2.03235817e+00,39.099621,2.03039598e+00,100
54.823383,2.03235817e+00,39.164780,2.03039598e+00,100
55.025887,2.03235817e+00,39.111755,2.03039598e+00,100
54.783302,2.03235817e+00,39.076962,2.03039598e+00,100
54.825714,1.45262384e+00,39.085617,2.03039598e+00,100
54.919357,1.31669021e+00,39.104462,1.31497705e+00,100
54.770550,1.31669021e+00,39.168510,1.31497705e+00,100
54.936749,1.31669021e+00,39.155022,1.31497705e+00,100
54.793472,1.51340175e+00,39.188614,1.53265893e+00,100
54.842934,1.51340175e+00,39.122597,1.53265893e+00,100
54.879299,3.33502412e+00,39.073147,1.89429748e+00,100
54.744545,3.33502412e+00,39.191029,1.89429748e+00,100
54.772240,1.49557614e+00,39.120468,1.49602914e+00,100
54.994682,1.49557614e+00,39.145016,1.49602914e+00,100
54.712616,1.49557614e+00,39.018654,1.49602914e+00,100
54.963516,1.49557614e+00,39.060318,1.49602914e+00,100
54.896770,2.92341256e+00,39.195698,2.93683004e+00,100
54.795990,2.92341256e+00,39.099346,2.93683004e+00,100
54.817551,2.92341256e+00,39.134113,2.93683004e+00,100
54.973148,2.92341256e+00,39.105011,2.93683004e+00,100
54.942001,2.92341256e+00,39.102642,2.93683004e+00,100
54.924026,1.89956319e+00,39.061176,1.89528692e+00,100
54.718697,1.89956319e+00,38.997490,1.89528692e+00,100
54.836102,1.89956319e+00,39.218922,1.89528692e+00,100
54.880310,1.89956319e+00,39.129910,2.05770636e+00,100
54.951931,1.89956319e+00,39.058167,2.05770636e+00,100
54.987885,3.68381310e+00,39.166695,3.67286348e+00,100
54.724003,3.68381310e+00,39.149422,3.67286348e+00,100
54.806461,3.68381310e+00,39.142494,3.67286348e+00,100
54.971489,3.68381310e+00,39.070095,3.67286348e+00,100
54.950756,3.68381310e+00,39.117352,3.67286348e+00,100
54.927116,3.68381310e+00,39.118561,3.67286348e+00,100
55.050812,4.44651031e+00,39.003609,2.13698697e+00,100
54.983994,4.44651031e+00,39.195683,2.13698697e+00,100
54.833549,4.44651031e+00,39.068798,2.13698697e+00,100
54.800907,4.44651031e+00,39.119850,2.13698697e+00,100
54.927258,4.44651031e+00,39.101227,2.13698697e+00,100
54.982677,4.44651031e+00,39.139526,2.13698697e+00,100
54.853798,4.44651031e+00,39.060570,2.13698697e+00,100
54.961418,4.44651031e+00,39.149746,2.13698697e+00,100
54.859371,4.44651031e+00,39.138569,2.13698697e+00,100
54.887985,4.44651031e+00,39.074265,2.13698697e+00,100
54.853596,1.71304774e+00,39.120094,2.13698697e+00,100
54.781868,1.71304774e+00,39.166088,1.69142461e+00,100
54.980240,1.71304774e+00,39.113991,1.69142461e+00,100
54.913727,1.71304774e+00,39.100849,1.58334255e+00,100
54.803001,1.71304774e+00,39.134460,1.58334255e+00,100
54.889496,1.71304774e+00,39.097801,1.58334255e+00,100
54.792381,1.71304774e+00,39.111279,1.58334255e+00,100
48.969196,nan,33.078987,nan,50
48.907486,5.93902874e+00,33.039700,nan,50
48.920826,5.93902874e+00,33.146870,nan,50
48.709072,5.93902874e+00,33.077656,nan,50
48.685883,5.93902874e+00,33.094639,1.67071056e+00,50
48.699909,1.14446175e+00,33.077244,1.12625074e+00,50
48.824902,1.90330172e+00,33.026184,2.55861497e+00,50
48.841675,1.90330172e+00,33.024971,2.55861497e+00,50
48.683907,2.38232112e+00,33.129658,2.39005876e+00,50
48.723045,2.38232112e+00,33.136223,2.39005876e+00,50
48.764626,2.38232112e+00,33.087994,1.73901498e+00,50
48.899559,3.55881286e+00,33.171478,1.63247395e+00,50
48.711964,2.62518263e+00,33.174416,2.55853963e+00,50
48.884277,4.74200869e+00,33.118492,4.79698944e+00,50
48.804832,1.31780827e+00,33.028011,4.79698944e+00,50
48.732380,1.31780827e+00,33.186253,3.46654916e+00,50
48.783211,1.31780827e+00,33.118347,3.46654916e+00,50
48.826733,1.31780827e+00,33.162888,1.25967348e+00,50
48.782658,2.13249350e+00,33.084007,2.58085799e+00,50
48.760231,2.59938574e+00,33.087696,2.58085799e+00,50
48.760811,2.91538024e+00,33.147369,2.68147349e+00,50
48.695759,2.91538024e+00,33.056866,2.68147349e+00,50
48.932968,6.89480257e+00,33.125603,2.68147349e+00,50
48.933147,6.89480257e+00,33.152046,2.68147349e+00,50
48.810673,6.89480257e+00,33.199543,2.68147349e+00,50
48.907440,6.89480257e+00,33.090233,2.68147349e+00,50
48.908028,6.89480257e+00,33.117847,2.68147349e+00,50
48.826824,6.89480257e+00,33.131737,1.20196009e+00,50
48.999706,6.89480257e+00,33.190224,2.02458644e+00,50
48.792221,1.21585524e+00,33.062202,2.02458644e+00,50
48.885582,2.02971387e+00,33.081554,2.02458644e+00,50
48.824928,2.02971387e+00,33.010605,2.02458644e+00,50
48.873940,2.02971387e+00,33.108139,2.02458644e+00,50
48.774612,2.02971387e+00,33.162380,2.02458644e+00,50
48.915009,2.02971387e+00,33.150566,2.02458644e+00,50
48.901863,2.02971387e+00,33.096481,2.02458644e+00,50
48.843311,2.02971387e+00,33.109821,2.02458644e+00,50
48.815746,2.02971387e+00,33.101727,2.02458644e+00,50
48.959076,2.02971387e+00,33.034027,2.02458644e+00,50
48.909805,2.02971387e+00,33.044502,2.02458644e+00,50
48.841496,2.02971387e+00,33.134819,2.06522250e+00,50
48.859947,2.02971387e+00,33.146954,2.06522250e+00,50
48.782829,1.45433867e+00,33.033691,1.31576920e+00,50
48.745979,1.45433867e+00,33.072212,1.31576920e+00,50
48.925320,1.45433867e+00,33.027874,1.31576920e+00,50
48.796188,1.31783259e+00,33.076065,1.31576920e+00,50
48.781643,1.31783259e+00,33.069767,1.31576920e+00,50
48.729633,1.31783259e+00,33.094280,1.31576920e+00,50
48.761288,1.31783259e+00,33.075729,1.31576920e+00,50
48.755150,1.31783259e+00,33.080593,1.31576920e+00,50
48.744873,1.31783259e+00,33.138084,3.72706890e+00,50
48.996807,1.31783259e+00,33.024311,3.72706890e+00,50
48.972778,1.51498818e+00,33.056492,3.72706890e+00,50
48.840370,1.51498818e+00,32.997776,3.63582969e+00,50
48.847488,1.51498818e+00,33.097389,3.38742042e+00,50
48.968727,3.57897091e+00,33.209068,3.38742042e+00,50
48.858761,3.30710101e+00,33.047966,3.38742042e+00,50
48.989635,3.30710101e+00,33.158775,3.38742042e+00,50
48.786388,1.49487054e+00,33.089462,3.38742042e+00,50
48.850021,1.49487054e+00,32.962879,3.38742042e+00,50
48.979095,1.49487054e+00,33.030571,3.38742042e+00,50
48.796112,1.49487054e+00,33.055367,3.38742042e+00,50
48.858498,2.92382002e+00,33.084824,3.38742042e+00,50
48.822365,2.92382002e+00,33.128971,1.89440572e+00,50
42.786476,nan,26.996159,nan,25
42.744308,5.89788818e+00,27.046366,nan,25
42.755184,5.89788818e+00,27.089346,1.70704651e+00,25
42.765457,5.89788818e+00,27.118237,1.70704651e+00,25
42.721893,5.89788818e+00,27.099951,1.65898645e+00,25
42.921375,1.14260590e+00,26.980734,1.88048136e+00,25
42.765251,1.90028036e+00,27.079311,1.88048136e+00,25
42.694775,1.90028036e+00,27.076126,1.88048136e+00,25
42.786636,2.38075566e+00,27.047234,2.39763618e+00,25
42.901196,2.38075566e+00,26.992851,2.39763618e+00,25
42.695335,1.72696328e+00,27.090971,1.73825073e+00,25
42.722946,3.55822563e+00,27.070717,4.93800211e+00,25
42.737251,2.63079762e+00,27.013329,5.02834797e+00,25
42.904629,4.74330568e+00,26.990486,5.02834797e+00,25
42.740952,1.31927788e+00,27.134295,3.17005897e+00,25
42.784225,3.88522625e+00,27.120173,3.24157786e+00,25
42.833687,3.88522625e+00,27.107758,3.24157786e+00,25
42.753059,2.00101709e+00,27.121471,1.25618982e+00,25
42.781792,2.60764790e+00,27.129169,1.25618982e+00,25
42.700554,2.91987133e+00,27.098221,7.20014286e+00,25
42.966980,2.91987133e+00,27.152390,7.20014286e+00,25
42.907242,2.91987133e+00,27.182961,7.20014286e+00,25
42.845894,2.91987133e+00,27.035397,7.20014286e+00,25
42.911816,2.91987133e+00,27.040977,1.19157398e+00,25
42.851254,1.21778810e+00,27.095335,2.01597190e+00,25
42.939957,2.02463913e+00,27.050377,2.01597190e+00,25
42.743298,2.02463913e+00,27.071173,2.01597190e+00,25
42.879833,2.02463913e+00,27.022707,2.01597190e+00,25
42.865810,2.02463913e+00,27.097145,2.01597190e+00,25
42.991734,2.02463913e+00,27.005598,2.01597190e+00,25
42.733650,2.02463913e+00,26.963203,2.01597190e+00,25
42.845226,1.45749152e+00,27.044815,2.00457835e+00,25
42.843899,1.45749152e+00,27.131496,1.32275867e+00,25
42.940437,1.32003796e+00,27.024368,1.32275867e+00,25
42.782448,1.32003796e+00,27.057861,1.32275867e+00,25
42.744251,1.32003796e+00,27.088753,1.32275867e+00,25
42.895798,1.32003796e+00,27.023472,1.32275867e+00,25
42.869789,1.32003796e+00,27.037197,1.98037922e+00,25
42.780685,1.51808882e+00,27.065693,1.98037922e+00,25
42.904072,1.51808882e+00,27.116554,1.88985634e+00,25
42.932262,1.51808882e+00,27.137297,1.88985634e+00,25
42.893761,1.51808882e+00,27.041006,1.88985634e+00,25
42.710678,3.59710455e+00,27.016890,3.41273737e+00,25
42.855316,3.25415516e+00,27.056902,3.41273737e+00,25
42.801361,3.25415516e+00,27.073347,1.54587781e+00,25
42.875267,3.25415516e+00,27.047461,1.54587781e+00,25
42.904999,3.25415516e+00,27.040731,1.54587781e+00,25
42.830376,3.25415516e+00,27.114399,1.54587781e+00,25
42.755028,3.25415516e+00,27.040403,1.54587781e+00,25
42.955826,3.25415516e+00,27.058952,1.54587781e+00,25
42.771820,3.25415516e+00,27.089516,1.54587781e+00,25
42.751999,3.25415516e+00,27.128141,1.54587781e+00,25
42.908665,3.25415516e+00,27.060413,1.54587781e+00,25
42.944603,3.25415516e+00,27.082249,1.54587781e+00,25
42.841297,2.92472744e+00,27.026510,1.54587781e+00,25
42.877193,2.92472744e+00,27.006767,1.54587781e+00,25
42.899498,2.92472744e+00,27.027164,1.54587781e+00,25
42.739044,2.92472744e+00,27.082508,1.54587781e+00,25
42.919571,2.92472744e+00,27.053593,1.54587781e+00,25
42.913479,2.92472744e+00,27.107241,1.54587781e+00,25
42.876610,2.92472744e+00,27.010099,1.54587781e+00,25
42.885887,2.92472744e+00,27.086903,2.09583807e+00,25
42.795414,2.92472744e+00,27.057198,2.09583807e+00,25
38.435562,nan,22.632339,nan,15
38.376926,nan,22.584923,nan,15
38.442898,5.84497166e+00,22.680344,1.59362924e+00,15
38.422047,5.84497166e+00,22.588148,3.16161418e+00,15
38.344109,5.84497166e+00,22.563305,3.16161418e+00,15
38.447926,5.84497166e+00,22.630497,3.16161418e+00,15
38.332714,5.84497166e+00,22.671341,9.39812303e-01,15
38.475994,5.84497166e+00,22.662979,1.63166678e+00,15
38.328255,1.14005101e+00,22.622974,1.63166678e+00,15
38.421284,1.89626455e+00,22.642551,1.63166678e+00,15
38.294296,1.89626455e+00,22.554775,1.63166678e+00,15
38.260033,1.89626455e+00,22.647333,1.63166678e+00,15
38.369869,1.89626455e+00,22.648962,1.63166678e+00,15
38.327206,2.37877703e+00,22.661026,2.40886426e+00,15
38.409370,2.37877703e+00,22.622869,2.40886426e+00,15
38.472534,2.37877703e+00,22.634327,2.40886426e+00,15
38.405617,2.37877703e+00,22.720238,6.81636143e+00,15
38.356922,1.63536787e+00,22.625235,6.81636143e+00,15
38.352314,2.63854218e+00,22.647980,4.83056021e+00,15
38.326591,2.63854218e+00,22.592600,4.83056021e+00,15
38.451591,2.63854218e+00,22.696262,1.42361665e+00,15
38.414452,2.63854218e+00,22.631769,1.42361665e+00,15
38.327179,1.32099032e+00,22.669659,1.42361665e+00,15
38.281456,1.32099032e+00,22.657536,2.78434253e+00,15
38.275642,2.04446983e+00,22.598085,3.01518846e+00,15
38.294037,2.04446983e+00,22.624331,3.01518846e+00,15
38.318005,1.87960219e+00,22.545631,3.01518846e+00,15
38.435699,2.61882377e+00,22.646730,1.37087262e+00,15
38.249901,2.92584419e+00,22.517002,1.37087262e+00,15
38.306053,5.54350901e+00,22.604919,2.66540289e+00,15
38.498692,5.54350901e+00,22.619656,2.66540289e+00,15
38.373116,5.54350901e+00,22.668341,2.66540289e+00,15
38.273979,5.54350901e+00,22.602751,2.66540289e+00,15
38.424057,1.22038114e+00,22.618378,9.00876641e-01,15
38.383118,2.01817012e+00,22.641403,9.00876641e-01,15
38.428989,2.01817012e+00,22.689816,9.00876641e-01,15
38.451775,2.01817012e+00,22.593742,9.00876641e-01,15
38.433144,2.01817012e+00,22.624081,9.00876641e-01,15
38.120132,2.01817012e+00,22.640625,1.39766991e+00,15
38.264427,2.01817012e+00,22.584497,1.39766991e+00,15
38.427586,1.46138334e+00,22.635603,1.39766991e+00,15
38.342442,1.32323158e+00,22.501980,1.39766991e+00,15
38.262207,1.32323158e+00,22.600986,1.34587443e+00,15
38.510620,1.32323158e+00,22.645054,1.34587443e+00,15
38.377590,1.32323158e+00,22.672081,1.34587443e+00,15
38.412045,1.32323158e+00,22.627230,1.86796141e+00,15
38.232616,1.52207267e+00,22.602894,1.48645163e+00,15
38.336826,1.52207267e+00,22.676954,1.48645163e+00,15
38.291542,3.62266088e+00,22.607840,1.48645163e+00,15
38.370186,3.62266088e+00,22.642002,1.48645163e+00,15
38.485050,3.62266088e+00,22.683638,1.48645163e+00,15
38.449135,3.62266088e+00,22.592293,1.48645163e+00,15
38.386967,3.62266088e+00,22.565145,2.89581561e+00,15
38.341709,3.62266088e+00,22.596050,2.89581561e+00,15
38.283962,3.62266088e+00,22.660198,2.89581561e+00,15
38.241375,3.62266088e+00,22.636587,2.89581561e+00,15
38.351437,2.92616177e+00,22.598450,2.89581561e+00,15
38.454571,2.92616177e+00,22.587088,1.25427628e+00,15
38.445847,2.92616177e+00,22.640772,2.30569410e+00,15
38.486435,2.92616177e+00,22.614796,2.06775045e+00,15
38.278000,2.92616177e+00,22.673908,2.06775045e+00,15
38.257645,3.67804050e+00,22.641617,2.06775045e+00,15
38.457882,3.67804050e+00,22.606707,2.06775045e+00,15
38.462673,3.67804050e+00,22.617603,2.06775045e+00,15
38.321957,4.39197922e+00,22.595844,2.06775045e+00,15
38.550953,4.39197922e+00,22.558483,2.06775045e+00,15
38.493938,2.75717402e+00,22.614965,2.06775045e+00,15
38.420185,2.75717402e+00,22.661371,2.06775045e+00,15
38.322216,2.75717402e+00,22.643536,2.06775045e+00,15
38.477837,2.75717402e+00,22.600534,2.06775045e+00,15
38.448650,1.69425023e+00,22.650742,2.22352815e+00,15
38.542870,1.69425023e+00,22.653038,1.57615066e+00,15
38.387333,1.69425023e+00,22.604292,1.57615066e+00,15
38.312340,1.69425023e+00,22.541145,1.57615066e+00,15
38.262936,1.69425023e+00,22.577326,1.57615066e+00,15
38.457047,1.69425023e+00,22.650158,1.27024209e+00,15
38.228390,1.69425023e+00,22.695551,1.28818250e+00,15
38.336491,1.76200867e+00,22.705738,1.28818250e+00,15
38.459736,1.76200867e+00,22.697720,1.28818250e+00,15
38.298527,1.56349421e+00,22.641752,1.28818250e+00,15
38.369091,1.56349421e+00,22.647421,1.54713798e+00,15
40.823883,nan,25.076687,nan,20
40.785007,nan,25.155746,nan,20
40.763451,nan,25.151566,nan,20
40.910030,nan,25.154665,nan,20
41.016289,nan,25.144863,1.72773027e+00,20
40.784817,nan,25.159462,1.72773027e+00,20
40.874634,nan,25.079014,1.72773027e+00,20
40.723358,nan,25.115292,1.64949203e+00,20
41.080910,5.87781096e+00,25.135494,1.64949203e+00,20
40.916561,1.89877498e+00,25.091816,1.64949203e+00,20
40.890537,1.89877498e+00,25.124693,1.64949203e+00,20
40.862358,1.89877498e+00,25.041723,1.64949203e+00,20
40.979568,1.89877498e+00,25.149479,1.64949203e+00,20
40.813580,2.37999058e+00,25.118296,1.64949203e+00,20
40.791302,2.37999058e+00,25.150131,2.40176296e+00,20
40.952835,2.37999058e+00,25.079494,2.40176296e+00,20
40.764809,2.37999058e+00,25.162235,2.40176296e+00,20
40.951744,1.63759696e+00,25.092728,1.73858392e+00,20
40.861801,2.63360786e+00,25.121134,1.73858392e+00,20
40.919785,2.63360786e+00,25.153675,4.89520741e+00,20
40.938492,2.63360786e+00,25.124987,4.89520741e+00,20
40.789608,4.74390888e+00,25.118889,4.89520741e+00,20
40.941322,1.31995547e+00,25.160772,4.89520741e+00,20
40.889145,1.31995547e+00,25.094437,2.81992269e+00,20
40.984951,3.93018413e+00,25.150013,3.14805555e+00,20
40.743515,3.93018413e+00,25.139977,3.14805555e+00,20
40.880096,3.93018413e+00,25.070873,3.14805555e+00,20
40.922249,3.93018413e+00,25.159885,3.14805555e+00,20
40.742050,1.94985092e+00,25.046474,1.25430167e+00,20
40.789124,2.61178946e+00,25.140839,1.25430167e+00,20
40.859299,2.61178946e+00,25.109371,1.25430167e+00,20
40.921646,2.92209864e+00,25.120056,1.25430167e+00,20
40.918137,2.92209864e+00,25.189766,2.67009497e+00,20
40.792675,2.92209864e+00,25.139881,2.67009497e+00,20
40.747334,2.92209864e+00,25.142767,2.67009497e+00,20
40.804459,2.92209864e+00,25.090626,2.67009497e+00,20
40.892975,2.92209864e+00,25.132429,2.67009497e+00,20
40.795406,2.92209864e+00,25.194897,2.67009497e+00,20
40.791481,2.92209864e+00,25.216276,2.67009497e+00,20
40.745335,1.32125342e+00,25.115116,1.86457157e+00,20
40.797798,1.51954961e+00,25.142063,1.86457157e+00,20
40.811317,1.51954961e+00,25.153202,1.88281727e+00,20
40.915634,3.60650349e+00,25.174919,1.20923018e+00,20
40.952911,3.60650349e+00,25.165081,1.20923018e+00,20
40.974277,3.60650349e+00,25.154243,1.54261196e+00,20
40.879292,3.60650349e+00,25.109388,1.54261196e+00,20
40.969128,3.60650349e+00,25.130478,1.54261196e+00,20
40.867165,3.60650349e+00,25.053976,1.54261196e+00,20
41.010094,3.60650349e+00,25.159550,1.54261196e+00,20
40.820522,3.60650349e+00,25.046930,1.54261196e+00,20
40.764984,2.92523003e+00,25.107336,1.54261196e+00,20
40.931377,2.92523003e+00,25.164415,1.54261196e+00,20
40.787598,2.92523003e+00,25.137903,2.06567121e+00,20
40.934837,2.92523003e+00,25.156868,2.06567121e+00,20
40.795776,2.92523003e+00,25.165394,2.10593677e+00,20
40.848236,2.92523003e+00,25.187292,2.10593677e+00,20
24.551422,1.93127632e+00,8.731946,nan,3
24.515686,7.28365850e+00,8.577937,nan,3
24.365349,7.28365850e+00,8.730682,nan,3
24.377655,1.14105499e+00,8.673845,1.39646709e+00,3
24.449684,1.14105499e+00,8.638097,1.39646709e+00,3
24.503019,1.14105499e+00,8.635288,1.39646709e+00,3
24.345930,1.14105499e+00,8.591508,8.65676165e-01,3
24.292059,1.14105499e+00,8.523705,8.65676165e-01,3
24.404339,1.52653491e+00,8.661283,8.65676165e-01,3
24.363781,1.52653491e+00,8.669656,8.65676165e-01,3
24.400751,1.39303076e+00,8.617459,8.65676165e-01,3
24.352312,1.93127632e+00,8.650379,nan,3
24.355650,7.28365850e+00,8.642718,nan,3
26.991985,nan,11.163348,3.72265077e+00,4
26.945440,nan,11.172468,3.72265077e+00,4
27.010868,5.53786182e+00,11.113007,3.72265077e+00,4
26.977859,1.14030015e+00,11.093750,1.10094929e+00,4
26.962795,1.14030015e+00,11.172791,1.10094929e+00,4
26.786242,1.14030015e+00,11.129827,1.10094929e+00,4
27.045858,1.14030015e+00,11.172409,1.10094929e+00,4
27.016003,1.14030015e+00,11.168141,1.10094929e+00,4
26.947039,1.14030015e+00,11.179995,2.82880831e+00,4
26.882092,1.39514315e+00,11.096159,2.82880831e+00,4
26.962654,1.39514315e+00,11.119304,2.82880831e+00,4
26.796854,1.39514315e+00,11.102828,2.82880831e+00,4
27.083185,1.39514315e+00,11.179470,2.82880831e+00,4
26.917887,1.39514315e+00,11.161829,2.82880831e+00,4
26.856451,3.76952195e+00,11.134091,2.82880831e+00,4
26.826424,3.76952195e+00,11.166907,1.51043332e+00,4
26.864048,3.76952195e+00,11.188893,1.51043332e+00,4
26.873331,1.66633022e+00,11.115751,1.51043332e+00,4
26.916233,1.66633022e+00,11.152591,1.51043332e+00,4
26.810665,1.93549359e+00,11.116458,1.51043332e+00,4
26.932838,2.85570645e+00,11.130903,3.72911215e+00,4
26.995527,1.44230521e+00,11.112391,1.41663265e+00,4
26.979620,1.33350408e+00,11.179004,1.41663265e+00,4
27.061722,1.33350408e+00,11.118363,1.41663265e+00,4
26.811562,2.02829409e+00,11.099967,1.41663265e+00,4
26.764782,2.02829409e+00,11.117773,1.41663265e+00,4
26.991293,2.86849976e+00,11.097173,2.94606328e+00,4
26.942102,1.47582662e+00,11.209298,2.94606328e+00,4
26.798115,1.47582662e+00,11.129222,2.94606328e+00,4
27.039818,2.96924067e+00,11.090069,2.85644484e+00,4
28.926636,nan,13.029346,3.25651956e+00,5
28.748047,nan,13.063678,2.10290885e+00,5
28.699762,5.61095810e+00,13.036995,1.32048833e+00,5
28.901672,5.61095810e+00,13.003672,1.32048833e+00,5
28.752739,5.61095810e+00,13.112617,1.32048833e+00,5
28.739849,5.61095810e+00,13.060330,1.32048833e+00,5
28.818941,5.61095810e+00,13.173604,1.32048833e+00,5
28.798868,5.61095810e+00,13.104877,1.32048833e+00,5
28.826427,1.12781775e+00,13.067831,2.79169393e+00,5
28.847153,1.39652336e+00,13.069872,2.79169393e+00,5
28.865345,1.39652336e+00,13.063429,2.79169393e+00,5
28.726873,1.39652336e+00,13.108717,2.79169393e+00,5
28.908722,1.39652336e+00,13.106446,2.79169393e+00,5
28.675299,1.39652336e+00,13.072168,1.67959058e+00,5
28.858887,1.39652336e+00,13.127682,2.60213161e+00,5
28.754492,1.39652336e+00,13.043418,2.21016788e+00,5
28.749680,1.39652336e+00,12.995120,2.21016788e+00,5
28.920481,1.61920977e+00,13.145954,2.86406946e+00,5
28.831949,3.55763698e+00,13.063582,2.86406946e+00,5
28.837412,5.83232832e+00,13.043642,1.91149426e+00,5
28.876865,5.83232832e+00,13.022829,1.56517959e+00,5
28.909489,5.83232832e+00,13.077592,1.56517959e+00,5
28.761250,1.32975817e+00,13.103600,1.56517959e+00,5
28.859959,1.32975817e+00,13.052951,1.56517959e+00,5
28.849890,2.03304219e+00,13.118898,1.56517959e+00,5
28.860777,2.03304219e+00,13.092922,1.56517959e+00,5
28.848560,1.62522912e+00,13.009377,1.56517959e+00,5
28.753202,1.62522912e+00,13.070477,1.56517959e+00,5
28.852753,1.62522912e+00,13.124357,1.56517959e+00,5
28.930635,2.95678830e+00,13.152476,1.56517959e+00,5
28.745983,3.01820636e+00,13.095818,1.56517959e+00,5
28.929844,3.01820636e+00,13.080959,9.76813889e+00,5
28.699512,3.01820636e+00,13.058248,9.76813889e+00,5
28.932505,3.01820636e+00,13.085854,1.76997089e+00,5
28.748875,3.01820636e+00,13.023004,1.67805493e+00,5
28.867027,3.01820636e+00,13.092956,1.67805493e+00,5
28.879425,3.01820636e+00,13.162383,2.16937304e+00,5
28.857183,3.01820636e+00,13.100348,2.16937304e+00,5
28.732376,3.01820636e+00,13.143854,2.16937304e+00,5
28.787748,3.01820636e+00,13.091213,2.16937304e+00,5
28.944185,3.01820636e+00,13.119145,2.05198693e+00,5
34.927254,1.89136028e+00,19.064957,4.94891930e+00,10
34.746620,1.89136028e+00,19.173828,4.94891930e+00,10
34.813248,1.89136028e+00,19.130066,4.94891930e+00,10
34.811081,1.89136028e+00,19.050884,4.94891930e+00,10
34.807526,2.37650347e+00,19.159924,4.94891930e+00,10
34.877590,2.37650347e+00,19.115002,4.94891930e+00,10
34.736679,2.37650347e+00,19.133911,4.94891930e+00,10
34.973648,2.64931965e+00,19.079954,4.96690655e+00,10
34.808830,2.64931965e+00,19.165201,1.34165895e+00,10
34.734493,2.64931965e+00,19.104523,1.34165895e+00,10
34.705444,1.32298303e+00,19.117657,1.34165895e+00,10
34.842808,1.32298303e+00,19.118982,1.34165895e+00,10
34.762562,2.04176927e+00,19.144833,2.76535773e+00,10
34.798561,2.04176927e+00,19.185341,2.76535773e+00,10
29.004984,nan,13.120926,3.25651956e+00,5
28.920614,7.38815403e+00,13.075565,2.10290885e+00,5
28.921856,5.61095810e+00,13.096261,1.32048833e+00,5
28.939360,5.61095810e+00,13.069631,1.32048833e+00,5
28.818871,5.61095810e+00,13.108274,1.32048833e+00,5
28.952766,5.61095810e+00,13.004766,1.32048833e+00,5
28.879925,5.61095810e+00,13.130622,1.32048833e+00,5
28.875418,5.61095810e+00,13.071571,1.32048833e+00,5
28.729378,1.12781775e+00,13.132385,2.79168391e+00,5
28.855610,1.39652336e+00,13.071751,2.79168391e+00,5
28.812935,1.39652336e+00,13.118799,2.79168391e+00,5
28.900333,1.39652336e+00,13.144116,2.79168391e+00,5
28.845444,1.39652336e+00,13.028760,2.79168391e+00,5
28.796347,1.39652336e+00,13.172227,1.67959058e+00,5
28.756426,1.39652336e+00,13.096430,2.60213161e+00,5
28.835859,1.39652336e+00,13.068136,2.21016788e+00,5
28.846420,1.67996454e+00,13.045269,2.21016788e+00,5
28.766582,1.60045707e+00,13.137790,2.86406946e+00,5
28.939163,2.68495035e+00,13.100397,2.86406946e+00,5
28.767147,2.68495035e+00,13.119546,1.91149437e+00,5
28.779432,2.68495035e+00,13.072615,3.64226794e+00,5
28.921530,2.68495035e+00,13.112789,1.56517959e+00,5
28.880356,1.32975817e+00,13.139071,1.56517959e+00,5
28.932417,1.32975817e+00,13.122122,1.56517959e+00,5
28.888042,2.03304219e+00,13.093729,1.56517959e+00,5
28.779776,2.03304219e+00,13.084489,1.56517959e+00,5
28.820435,1.62522912e+00,13.143642,1.56517959e+00,5
28.790915,1.62522912e+00,13.030573,1.56517959e+00,5
28.804293,2.95678830e+00,13.001532,1.56517959e+00,5
28.799160,3.01820636e+00,13.086916,1.56517959e+00,5
28.636522,3.01820636e+00,13.115149,1.56517959e+00,5
28.806126,3.01820636e+00,13.089795,1.56517959e+00,5
28.879824,3.01820636e+00,13.175076,9.76813889e+00,5
28.778961,3.01820636e+00,13.077629,3.09437132e+00,5
28.766193,3.01820636e+00,13.081937,1.67805493e+00,5
28.910892,3.01820636e+00,13.108220,1.67805493e+00,5
28.724884,3.01820636e+00,13.116332,2.16937304e+00,5
28.775236,3.01820636e+00,13.144073,2.16937304e+00,5
28.820038,3.01820636e+00,13.125328,2.16937304e+00,5
28.756824,3.01820636e+00,13.107494,2.16937304e+00,5
28.787231,3.01820636e+00,13.123941,2.05198693e+00,5
28.950993,1.33965433e+00,13.094217,8.30304265e-01,5
28.724037,1.33965433e+00,13.104268,1.47563481e+00,5
28.895685,1.33965433e+00,13.008642,1.47563481e+00,5
28.582439,1.33965433e+00,13.102743,1.47563481e+00,5
28.650814,1.33965433e+00,13.078405,1.31917489e+00,5
28.941183,1.33965433e+00,13.086174,1.31917489e+00,5
28.961067,1.33965433e+00,13.144946,1.31917489e+00,5
28.910908,3.77431464e+00,13.127529,1.31917489e+00,5
28.670321,3.77431464e+00,13.176794,1.72085559e+00,5
28.896540,3.77431464e+00,13.126880,1.72085559e+00,5
28.896317,3.77431464e+00,13.084595,1.72085559e+00,5
28.872749,3.77431464e+00,13.084994,1.72085559e+00,5
28.742867,3.77431464e+00,13.123536,1.72085559e+00,5
28.800945,3.77431464e+00,13.132253,1.72085559e+00,5
28.915619,3.77431464e+00,13.021432,1.72085559e+00,5
28.963736,2.93747330e+00,13.106798,1.72085559e+00,5
28.978634,2.93747330e+00,13.073001,1.72085559e+00,5
28.974182,2.93747330e+00,13.084778,1.72085559e+00,5
28.810549,2.93747330e+00,13.052570,1.72085559e+00,5
28.631767,2.93747330e+00,13.136518,1.72085559e+00,5
28.890671,3.66307998e+00,13.011463,1.72085559e+00,5
28.795204,3.66307998e+00,13.012732,2.06387901e+00,5
28.919571,3.66307998e+00,13.059462,2.06387901e+00,5
28.935652,3.66307998e+00,13.082255,2.06387901e+00,5
28.810364,3.66307998e+00,13.102044,2.06387901e+00,5
28.952980,2.81462288e+00,13.085743,2.06387901e+00,5
28.816994,2.81462288e+00,13.094961,2.06387901e+00,5
28.942263,1.75346851e+00,13.067276,2.06387901e+00,5
28.956238,1.75346851e+00,13.013326,2.06387901e+00,5
28.759781,1.75346851e+00,13.054842,2.06387901e+00,5
28.904171,1.65350223e+00,13.040937,2.06387901e+00,5
28.807472,1.65350223e+00,13.076521,2.06387901e+00,5
28.947279,1.63002288e+00,13.091241,2.06387901e+00,5
28.736118,3.35783815e+00,13.145360,2.06387901e+00,5
28.932758,3.35783815e+00,13.084131,2.06387901e+00,5
28.932568,3.35783815e+00,13.064772,1.36040010e+01,5
26.735241,nan,11.174264,3.72265077e+00,4
26.867266,nan,11.181842,3.72265077e+00,4
26.972572,5.53786182e+00,11.125636,3.72265077e+00,4
26.897011,3.76950955e+00,11.123446,2.82880831e+00,4
26.950520,3.76950955e+00,11.140709,1.51043332e+00,4
26.850136,3.76950955e+00,11.109451,1.51043332e+00,4
26.825006,5.97081137e+00,11.131826,3.72911215e+00,4
27.010023,2.02829409e+00,11.095020,1.41663265e+00,4
26.956453,2.02829409e+00,11.187851,2.94606328e+00,4
26.901333,3.02708864e+00,11.145658,2.85644484e+00,4
26.979031,3.02708864e+00,11.193046,2.85644484e+00,4
26.808119,4.30994892e+00,11.178925,2.85644484e+00,4
26.997030,4.30994892e+00,11.162451,2.85644484e+00,4
26.993725,4.30994892e+00,11.162395,3.25829053e+00,4
27.001202,4.30994892e+00,11.172785,1.74006796e+00,4
26.786415,2.39215660e+00,11.175529,4.43293715e+00,4
26.886795,2.39215660e+00,11.091463,4.43293715e+00,4
26.962566,2.39215660e+00,11.143444,4.43293715e+00,4
26.954208,2.39215660e+00,11.132770,4.43293715e+00,4
26.953241,2.39215660e+00,11.158422,4.43293715e+00,4
26.828115,2.39215660e+00,11.160030,4.43293715e+00,4
26.779152,2.39215660e+00,11.131332,8.35695624e-01,4
24.339964,1.93127632e+00,8.613643,nan,3
24.477997,7.28365850e+00,8.770065,nan,3
24.498770,7.28365850e+00,8.682911,nan,3
24.500130,1.14105499e+00,8.649827,1.39646709e+00,3
24.398312,1.14105499e+00,8.655401,1.39646709e+00,3
24.287449,9.37908554e+00,8.741796,1.39646709e+00,3
24.310261,9.37908554e+00,8.594525,1.39646709e+00,3
24.334860,9.37908554e+00,8.626572,1.39646709e+00,3
24.348715,3.03702021e+00,8.617779,5.57360268e+00,3
24.480932,4.24650192e+00,8.676308,7.87992477e+00,3
24.437151,4.24650192e+00,8.678102,7.87992477e+00,3
24.361427,4.24650192e+00,8.621970,7.87992477e+00,3
24.489357,9.53366160e-01,8.639318,1.49102390e+00,3
24.448385,9.53366160e-01,8.567669,1.49102390e+00,3
24.473352,9.53366160e-01,8.671302,1.49102390e+00,3
24.349827,9.53366160e-01,8.591621,1.49102390e+00,3
24.355579,9.53366160e-01,8.738574,1.49102390e+00,3
24.341576,9.53366160e-01,8.537492,1.49102390e+00,3
24.311304,9.53366160e-01,8.631088,1.49102390e+00,3
24.489611,9.53366160e-01,8.653008,1.49102390e+00,3
24.434235,9.53366160e-01,8.624819,1.49102390e+00,3
24.328154,9.53366160e-01,8.712003,1.49102390e+00,3
24.471146,9.53366160e-01,8.690418,1.49102390e+00,3
24.442295,9.53366160e-01,8.726644,1.49102390e+00,3
24.244802,9.53366160e-01,8.621414,1.49102390e+00,3
24.323931,9.53366160e-01,8.635170,1.49102390e+00,3
24.414789,9.53366160e-01,8.616976,1.49102390e+00,3
24.305286,9.53366160e-01,8.693336,8.50277138e+00,3
24.422844,3.41955733e+00,8.645319,9.13096428e-01,3
20.896938,1.97257125e+00,5.111875,nan,2
21.024305,1.97257125e+00,5.134761,9.82807636e+00,2
20.956161,1.97257125e+00,5.174729,9.82807636e+00,2
20.833055,1.13698077e+00,5.108468,8.02639198e+00,2
21.023296,1.13698077e+00,5.137898,8.02639198e+00,2
20.808315,1.13698077e+00,5.165610,3.46744561e+00,2
20.939095,1.13698077e+00,5.072423,3.46744561e+00,2
20.918129,1.13698077e+00,5.092422,3.46744561e+00,2
20.932981,5.41460705e+00,5.138461,3.46744561e+00,2
20.882853,1.38942158e+00,5.140081,3.46744561e+00,2
20.923447,1.38942158e+00,5.179161,3.46744561e+00,2
20.980228,5.55746174e+00,5.130682,2.63209891e+00,2
20.908968,3.33469748e+00,5.107121,2.49912548e+00,2
20.828331,3.33469748e+00,5.042185,2.49912548e+00,2
20.984360,3.33469748e+00,5.159950,2.49912548e+00,2
20.858278,3.33469748e+00,5.068232,2.49912548e+00,2
20.862934,3.33469748e+00,5.199862,2.49912548e+00,2
21.018150,1.60772872e+00,5.117080,2.41689181e+00,2
20.791237,1.97203207e+00,5.088996,2.41689181e+00,2
22.938427,1.94710004e+00,7.017595,nan,2.5
22.957056,5.17002296e+00,7.013783,2.19021630e+00,2.5
22.952377,5.17002296e+00,7.098587,2.19021630e+00,2.5
22.689028,5.17002296e+00,7.000410,1.18893659e+00,2.5
22.833374,5.17002296e+00,7.037974,1.18893659e+00,2.5
22.881840,1.14192820e+00,7.060655,8.54967773e-01,2.5
22.681225,1.14192820e+00,7.079935,8.54967773e-01,2.5
22.835579,1.14192820e+00,6.955575,2.10855317e+00,2.5
22.868629,5.35877180e+00,7.020321,2.10855317e+00,2.5
22.760777,1.39132845e+00,7.080975,2.10855317e+00,2.5
22.767946,1.39132845e+00,7.094438,2.10855317e+00,2.5
22.761831,1.39132845e+00,7.112566,6.32156038e+00,2.5
22.797932,3.29242086e+00,7.017604,6.32156038e+00,2.5
22.904053,3.29242086e+00,7.097518,6.32156038e+00,2.5
22.762878,3.29242086e+00,7.085436,6.32156038e+00,2.5
22.919861,3.29242086e+00,7.093134,6.32156038e+00,2.5
22.781967,3.29242086e+00,7.014388,6.32156038e+00,2.5
22.719826,1.62880123e+00,7.099670,2.23961091e+00,2.5
22.740173,1.95606208e+00,6.950049,1.74726605e+00,2.5
22.873722,1.95606208e+00,7.053310,2.51587677e+00,2.5
22.873493,1.46160078e+00,7.102989,5.48222065e+00,2.5
22.911747,1.74109387e+00,6.996958,1.40960538e+00,2.5
22.913151,1.34594715e+00,7.023170,1.40960538e+00,2.5
22.863605,1.34594715e+00,7.066636,2.18907309e+00,2.5
22.745588,2.02074242e+00,7.005692,2.18907309e+00,2.5
22.719467,2.02074242e+00,7.152040,2.18907309e+00,2.5
22.903111,2.02074242e+00,7.189790,1.95817566e+00,2.5
22.891148,2.02074242e+00,7.075072,3.86957645e+00,2.5
26.999969,nan,11.177069,3.72265077e+00,4
27.009478,nan,11.131736,3.72265077e+00,4
26.769249,5.53786182e+00,11.063270,3.72265077e+00,4
27.006283,1.14030015e+00,11.169356,1.10094929e+00,4
26.942638,1.14030015e+00,11.203556,1.10094929e+00,4
26.843010,1.14030015e+00,11.150036,1.10094929e+00,4
26.728697,1.14030015e+00,11.102102,1.10094929e+00,4
26.793972,1.14030015e+00,11.186162,1.10094929e+00,4
26.903130,1.14030015e+00,11.104995,2.82880831e+00,4
26.971176,1.39514315e+00,11.092610,2.82880831e+00,4
27.047188,1.39514315e+00,11.061296,2.82880831e+00,4
26.803837,1.39514315e+00,11.171173,2.82880831e+00,4
26.866116,1.39514315e+00,11.132916,2.82880831e+00,4
26.936352,1.39514315e+00,11.112615,2.82880831e+00,4
26.879179,3.76952195e+00,11.183928,2.55568147e+00,4
26.920525,3.76952195e+00,11.142023,3.11623001e+00,4
26.858175,3.76952195e+00,11.089085,3.11623001e+00,4
26.833879,1.66633117e+00,11.129743,3.11623001e+00,4
26.913467,1.93549514e+00,11.209997,3.11623001e+00,4
26.840437,1.93549514e+00,11.140882,3.11623001e+00,4
27.065241,1.44230521e+00,11.057568,1.41663480e+00,4
26.809532,1.44230521e+00,11.095327,1.41663480e+00,4
26.852654,1.33350408e+00,11.165188,1.41663480e+00,4
26.854536,1.33350408e+00,11.202576,1.41663480e+00,4
26.940334,2.02829409e+00,11.071507,1.41663480e+00,4
26.795029,2.02829409e+00,11.141854,1.41663480e+00,4
26.931118,1.47582531e+00,11.149105,2.94606328e+00,4
26.790489,1.47582531e+00,11.171104,2.94606328e+00,4
26.979406,1.47582531e+00,11.106085,2.94606328e+00,4
26.791374,3.02708864e+00,11.206764,2.85644484e+00,4
26.791393,3.02708864e+00,11.107286,2.85644484e+00,4
26.989674,4.30994940e+00,11.132893,2.85644484e+00,4
26.970810,4.30994940e+00,11.162452,2.85644484e+00,4
26.910446,4.30994940e+00,11.116729,2.85644484e+00,4
27.008055,4.30994940e+00,11.140871,1.74006796e+00,4
26.753933,2.39215660e+00,11.125185,1.74006796e+00,4
34.846466,2.64931965e+00,19.013657,1.34165895e+00,10
34.970638,2.64931965e+00,19.112684,1.34165895e+00,10
34.855423,1.32298303e+00,19.099201,1.34165895e+00,10
34.822948,1.32298303e+00,19.164854,2.76535773e+00,10
34.973862,2.04175687e+00,19.077312,2.76535773e+00,10
34.802624,2.04175687e+00,19.112770,2.76535773e+00,10
34.877483,1.77865303e+00,19.050835,1.37763774e+00,10
34.897835,2.63334656e+00,19.089256,1.37763774e+00,10
34.735989,2.93324709e+00,19.099468,1.37763774e+00,10
34.698330,7.24810743e+00,19.126257,2.66305947e+00,10
34.926815,7.24810743e+00,19.058161,2.66305947e+00,10
34.928650,7.24810743e+00,19.094198,2.66305947e+00,10
34.864235,7.24810743e+00,19.077662,1.69213986e+00,10
35.040680,1.22399366e+00,19.098738,1.82027626e+00,10
34.873043,1.22399366e+00,19.113361,1.82027626e+00,10
34.994232,1.22399366e+00,19.034401,1.82027626e+00,10
34.922119,1.32729578e+00,19.131826,1.42204380e+00,10
34.834541,1.32729578e+00,19.074753,1.42204380e+00,10
34.887650,1.32729578e+00,19.082161,1.42204380e+00,10
34.888237,1.32729578e+00,19.055744,3.15902781e+00,10
34.730423,1.32729578e+00,19.070646,3.15902781e+00,10
34.797443,1.52809310e+00,19.104778,1.48794484e+00,10
34.913250,2.64931965e+00,19.168055,1.34165895e+00,10
34.914185,2.64931965e+00,19.133566,1.34165895e+00,10
34.729301,1.32298303e+00,19.214756,1.34165895e+00,10
34.907688,1.32298303e+00,19.085938,2.76535773e+00,10
35.003086,2.04176927e+00,19.099289,2.76535773e+00,10
34.845394,2.04176927e+00,19.019062,2.76535773e+00,10
34.771801,1.77866888e+00,19.096876,2.81556463e+00,10
34.936882,2.63334656e+00,19.111971,1.37763774e+00,10
34.730564,2.63334656e+00,19.071962,1.37763774e+00,10
34.776344,2.99807692e+00,19.081707,2.66305947e+00,10
34.910217,7.24810743e+00,19.019655,2.66305947e+00,10
34.914497,7.24810743e+00,19.035860,2.66305947e+00,10
34.884258,7.24810743e+00,19.055344,1.69213772e+00,10
34.728363,1.22399366e+00,19.104502,1.82027626e+00,10
34.949600,1.22399366e+00,19.152168,1.82027626e+00,10
34.924576,1.22399366e+00,19.089651,1.82027626e+00,10
34.768940,1.32729578e+00,19.152964,1.42204380e+00,10
35.006023,1.32729578e+00,19.034260,1.42204380e+00,10
34.880913,1.32729578e+00,19.171589,1.42204380e+00,10
34.946930,1.32729578e+00,19.121367,1.48794484e+00,10
34.785683,1.52809310e+00,19.033907,1.48794484e+00,10
34.759148,1.52809310e+00,19.139898,2.53201675e+00,10
34.700016,5.76819944e+00,19.100361,2.53201675e+00,10
34.931381,5.76819944e+00,19.044239,2.53201675e+00,10
34.891022,5.76819944e+00,19.095491,2.53201675e+00,10
34.814529,5.76819944e+00,19.190262,2.21958113e+00,10
34.871475,5.76819944e+00,19.153679,2.21958113e+00,10
34.943459,5.76819944e+00,19.089130,2.21958113e+00,10
34.861225,5.76819944e+00,19.096970,1.10594666e+00,10
34.839779,2.92827630e+00,19.174944,1.10594666e+00,10
34.809143,2.92827630e+00,19.149763,1.83046579e+00,10
34.854748,2.92827630e+00,19.128561,2.09223533e+00,10
34.867634,5.07534695e+00,19.132236,1.34165907e+00,10
34.825653,5.07534695e+00,19.118050,1.34165907e+00,10
34.816872,1.32298303e+00,19.083549,1.34165907e+00,10
34.893082,2.04176927e+00,19.070751,2.76535773e+00,10
34.795418,2.04176927e+00,19.151905,2.76535773e+00,10
34.892269,2.04176927e+00,19.007868,2.76535773e+00,10
34.933319,1.77865303e+00,19.169867,1.37763774e+00,10
34.791092,2.63334656e+00,19.164446,1.37763774e+00,10
34.737709,2.93324709e+00,19.228046,1.37763774e+00,10
34.731796,2.99807692e+00,19.031521,2.66305947e+00,10
34.867603,2.99807692e+00,19.017761,2.66305947e+00,10
34.972572,2.99807692e+00,19.202562,2.66305947e+00,10
34.701187,1.22399366e+00,19.078201,1.69213772e+00,10
34.915012,1.22399366e+00,19.123032,1.82027626e+00,10
34.853100,1.22399366e+00,19.059427,1.82027626e+00,10
34.851028,1.22399366e+00,19.092646,1.82027626e+00,10
34.810642,1.32729578e+00,19.137106,1.42204380e+00,10
34.792984,1.32729578e+00,19.118587,1.42204380e+00,10
34.918236,1.32729578e+00,19.151958,1.42204380e+00,10
34.785835,1.32729578e+00,19.088310,3.15902781e+00,10
34.794136,1.52809310e+00,19.105083,3.15902781e+00,10
34.941376,1.52809310e+00,19.157211,1.48794484e+00,10
34.782799,5.76819849e+00,19.172573,2.53201532e+00,10
34.842941,5.76819849e+00,19.149120,2.53201532e+00,10
34.934479,5.76819849e+00,19.073557,2.53201532e+00,10
34.959164,5.76819849e+00,19.091064,2.53201532e+00,10
34.803356,5.76819849e+00,19.052885,2.21958113e+00,10
34.906548,5.76819849e+00,19.048212,2.21958113e+00,10
34.755974,5.76819849e+00,19.148062,2.21958113e+00,10
34.778591,5.76819849e+00,19.118935,2.52740312e+00,10
34.805000,2.92827630e+00,19.011471,1.10594654e+00,10
34.918930,2.92827630e+00,19.127806,1.83046579e+00,10
34.888172,2.92827630e+00,19.155554,1.83046579e+00,10
34.779079,2.92827630e+00,19.071133,2.09223533e+00,10
34.895424,2.92827630e+00,19.038170,1.49405193e+00,10
20.935360,1.97257125e+00,5.086812,nan,2
20.955101,1.97257125e+00,5.147090,9.82807636e+00,2
20.910521,1.97257125e+00,5.095810,9.82807636e+00,2
20.860712,1.13698101e+00,5.146742,8.02639198e+00,2
20.852451,1.13698101e+00,5.186469,8.02639198e+00,2
20.913065,1.13698101e+00,5.217619,3.46745420e+00,2
21.004391,1.13698101e+00,5.172611,3.46745420e+00,2
20.975655,1.13698101e+00,5.092421,3.46745420e+00,2
20.939720,5.41460705e+00,5.168504,3.46745420e+00,2
20.841583,1.38942158e+00,5.164670,3.46745420e+00,2
20.817608,1.38942158e+00,5.162230,3.46745420e+00,2
20.856924,5.55746174e+00,5.138078,2.63209891e+00,2
20.911488,3.33469748e+00,5.099558,2.49912548e+00,2
20.788490,3.33469748e+00,5.119005,2.49912548e+00,2
20.881731,3.33469748e+00,5.206582,2.49912548e+00,2
20.980310,3.33469748e+00,5.167056,2.49912548e+00,2
20.944866,1.60772872e+00,5.067748,2.49912548e+00,2
20.932531,1.60772872e+00,5.044424,2.41689181e+00,2
20.963577,1.97202921e+00,5.063395,2.41689181e+00,2
20.830616,1.97202921e+00,5.118582,2.41689181e+00,2
20.928429,1.42984211e+00,5.146916,2.41689181e+00,2
20.969593,1.77307427e+00,5.065095,1.31741011e+00,2
20.810970,1.77307427e+00,5.145607,1.31741011e+00,2
20.979862,2.01185679e+00,5.096939,1.31741011e+00,2
20.914360,2.01185679e+00,5.145150,5.82055426e+00,2
21.010227,2.01185679e+00,5.173674,5.82055426e+00,2
20.823864,9.96920228e-01,5.149808,4.41282606e+00,2
14.895275,7.12296772e+00,-0.833757,3.17079496e+00,1
14.815924,7.12296772e+00,-0.888986,3.17079496e+00,1
14.727830,2.52530169e+00,-0.907887,3.37877297e+00,1
14.945274,2.52530169e+00,-0.825695,2.76169443e+00,1
14.965085,2.85730648e+00,-0.909367,5.89917803e+00,1
14.794312,1.23493421e+00,-0.872025,5.89917803e+00,1
14.934793,3.97440290e+00,-0.937781,2.27734852e+00,1
14.751593,3.97440290e+00,-0.890942,1.88093305e+00,1
14.985722,1.04350824e+01,-0.873763,5.04224300e+00,1
14.809669,1.06506300e+00,-0.887189,5.19404507e+00,1
14.779501,1.49109089e+00,-0.905109,5.19404507e+00,1
14.787724,1.97612417e+00,-0.800835,4.02841330e+00,1
14.998098,2.28881526e+00,-0.859237,2.23529220e+00,1
14.846687,2.28881526e+00,-0.929375,2.59904265e+00,1
14.965173,2.28881526e+00,-0.885468,2.87329817e+00,1
14.702148,2.28881526e+00,-0.906956,9.59889650e-01,1
14.928539,2.28881526e+00,-0.911907,4.03661108e+00,1
14.726971,2.28881526e+00,-0.866833,4.03661108e+00,1
14.911963,2.41337323e+00,-0.829339,2.06646848e+00,1
14.761630,2.41337323e+00,-0.877482,2.94086075e+00,1
15.011916,1.95949352e+00,-0.942771,3.98916841e+00,1
14.802784,1.95949352e+00,-0.886325,7.85092545e+00,1
14.902602,3.10782266e+00,-0.946767,3.96992326e+00,1
14.847517,1.73984003e+00,-0.940183,3.15648079e+00,1

