snr1_db,metric1,snr2_db,metric2,amp
0.000000,nan,-21.514734,3.35004258e+00,1
0.479308,7.12296772e+00,-6.229804,3.17079544e+00,1
-3.364510,2.52530169e+00,-4.930946,2.76169443e+00,1
-3.364510,2.52530169e+00,-4.214372,5.89900589e+00,1
-6.679615,3.97440290e+00,1.021162,1.88093460e+00,1
-7.439645,2.05594659e+00,-2.278170,1.08646679e+00,1
-10.199530,1.49111474e+00,-8.475430,5.19404507e+00,1
-8.190265,1.97612417e+00,-3.505622,1.89100373e+00,1
1.154629,2.28881598e+00,-4.617177,2.87329817e+00,1
-10.353717,4.01165628e+00,-21.919239,4.03661108e+00,1
-15.107450,2.41336775e+00,-3.269248,2.94086099e+00,1
-14.718290,1.95949352e+00,-2.569343,1.69235492e+00,1
-8.981221,3.10782266e+00,-2.781640,1.61852670e+00,1
2.325889,2.79821444e+00,-7.010959,1.26826870e+00,1
-1.986778,1.73982596e+00,-9.113337,3.15648079e+00,1
-6.526897,1.88954449e+00,-14.758324,9.73638475e-01,1
-0.373165,2.37253261e+00,-8.800241,7.75199509e+00,1
-0.373165,2.37253261e+00,-8.993690,1.38606215e+00,1
-9.533504,1.64186966e+00,1.761207,1.22470677e+00,1
-0.491686,2.81193900e+00,-15.762273,1.34495580e+00,1
-0.491686,2.81193900e+00,-4.223585,1.51815712e+00,1
-9.069516,1.72457099e+00,-8.801299,1.11070931e+00,1
-9.069516,1.72457099e+00,-3.925020,1.15761948e+00,1
-9.069516,1.72457099e+00,-0.852728,6.99631596e+00,1
0.414307,1.17238271e+00,-15.671037,3.06696153e+00,1
0.414307,1.17238271e+00,-4.791359,3.46839309e+00,1
-3.428852,1.73239291e+00,0.446692,1.42972159e+00,1
-3.428852,1.73239291e+00,-4.142734,1.89475870e+00,1
3.171347,1.50539708e+00,-4.142734,1.89475870e+00,1
3.171347,1.50539708e+00,-15.312346,4.24743366e+00,1
-9.139083,1.32059085e+00,-8.863622,1.82965362e+00,1
-9.139083,1.32059085e+00,-3.870959,2.64515519e+00,1
-6.501489,1.06809783e+00,-8.788417,4.42803097e+00,1
-6.501489,1.06809783e+00,-2.434952,3.34444785e+00,1
-11.539376,1.65102828e+00,-0.136091,2.88658857e+00,1
-11.539376,1.65102828e+00,-4.496093,2.97013998e+00,1
-11.539376,1.65102828e+00,-5.529274,1.62878227e+00,1
-11.539376,1.65102828e+00,0.362715,2.87773609e+00,1
0.340715,1.31444812e+00,-3.251447,1.42102492e+00,1
0.340715,1.31444812e+00,-1.730769,1.07573354e+00,1
-2.821420,1.28558064e+00,-21.222672,8.79617977e+00,1
-2.147492,1.62060905e+00,-0.413205,3.01001668e+00,1
-2.147492,1.62060905e+00,-28.797062,3.49274945e+00,1
-7.464215,1.38770592e+00,-4.637163,3.06455612e+00,1
-1.393278,1.84658873e+00,-4.825015,2.27824426e+00,1
-1.393278,1.84658873e+00,-21.349649,1.41515172e+00,1
-0.814923,1.71468890e+00,-0.272741,1.87287879e+00,1
-10.291422,1.73569572e+00,-8.315374,1.59664321e+00,1
-10.291422,1.73569572e+00,-1.518851,2.71539974e+00,1
-5.329827,9.81272411e+00,-6.023533,1.35490012e+00,1
-5.329827,9.81272411e+00,-6.720212,2.86034298e+00,1
-5.329827,9.81272411e+00,-9.564924,1.34069109e+00,1
-1.005731,2.22559714e+00,-7.779181,1.94773173e+00,1
-1.005731,2.22559714e+00,-9.365558,1.97460294e+00,1
-1.005731,2.22559714e+00,-1.534232,2.56866455e+00,1
-20.250235,1.85801935e+00,-4.245132,1.35996878e+00,1
-20.250235,1.85801935e+00,-13.422291,1.68759751e+00,1
1.689940,1.72890830e+00,-2.974886,1.98947763e+00,1
-7.998777,1.43186677e+00,-6.641221,2.35268140e+00,1
-4.068814,2.76461244e+00,-5.130278,2.54009891e+00,1
-4.068814,2.76461244e+00,-3.823578,1.82868314e+00,1
-4.068814,2.76461244e+00,-8.041263,3.30908060e+00,1
-4.068814,2.76461244e+00,-5.959657,1.77265108e+00,1
-4.839373,2.31923270e+00,1.655333,3.22324753e+00,1
-9.905560,5.00150824e+00,-1.906211,5.25235033e+00,1
-8.778356,2.13754845e+00,-7.779964,4.68237686e+00,1
-8.778356,2.13754845e+00,0.817419,2.12716961e+00,1
-8.778356,2.13754845e+00,-4.395391,3.10203910e+00,1
0.604439,4.26489639e+00,-4.099603,1.07173479e+00,1
-2.056909,1.55795455e+00,-5.513849,3.06256413e+00,1
-5.464015,1.90791082e+00,-5.328721,1.57913256e+00,1
-5.958876,3.45529652e+00,-5.080765,5.26610994e+00,1
-1.132823,1.53738010e+00,-2.371291,4.41827965e+00,1
-0.515170,1.71559799e+00,-10.579425,1.80351555e+00,1
-5.556664,1.99154937e+00,-20.082045,6.60573339e+00,1
-7.182797,8.83016944e-01,-6.680077,2.50994444e+00,1
-9.072240,5.71027803e+00,-3.768305,9.97414291e-01,1
-9.072240,5.71027803e+00,0.085191,1.23990297e+01,1
-6.990751,1.09114623e+00,-5.117225,1.47951901e+00,1
-1.940888,1.92632544e+00,-9.029261,1.47657800e+00,1
-1.940888,1.92632544e+00,-0.957737,2.88745952e+00,1
-0.511073,1.22555304e+00,-2.251548,3.33009934e+00,1
-5.506100,3.46615601e+00,-12.299933,5.01062107e+00,1
-5.506100,3.46615601e+00,-2.622267,1.49754012e+00,1
-5.506100,3.46615601e+00,-5.694724,1.66012669e+00,1
-5.506100,3.46615601e+00,-2.769872,1.47155344e+00,1
-5.506100,3.46615601e+00,0.653427,1.40816450e+00,1
-4.381445,4.12465715e+00,-4.503189,1.24749470e+00,1
-4.381445,4.12465715e+00,-3.063395,2.71621323e+00,1
-4.381445,4.12465715e+00,-11.641201,7.77689600e+00,1
-4.381445,4.12465715e+00,-2.889450,1.32528210e+00,1
-4.381445,4.12465715e+00,-15.645718,2.30597067e+00,1
-0.545480,1.28068638e+00,-0.722987,2.00127816e+00,1
-0.545480,1.28068638e+00,-3.891480,1.20329964e+00,1
-10.942857,4.30843353e+00,-2.614833,1.32917571e+00,1
-7.453840,1.11554432e+00,-3.955142,2.53150511e+00,1
-7.453840,1.11554432e+00,-3.812179,2.95527005e+00,1
-1.968316,1.94504344e+00,-7.838228,1.51406407e+00,1
-1.968316,1.94504344e+00,0.011233,1.33128977e+00,1
-2.239243,1.34751391e+00,-6.827782,3.14358997e+00,1
-3.665053,2.51447010e+00,-12.244237,1.49396098e+00,1
-6.103235,1.40659511e+00,-3.960793,1.97036529e+00,1
-6.103235,1.40659511e+00,1.768057,1.59685004e+00,1
-4.246306,1.53270686e+00,-6.135942,1.83442748e+00,1
-4.162921,7.85360765e+00,-9.223790,2.56731677e+00,1
-4.162921,7.85360765e+00,-12.490870,4.16319704e+00,1
-4.162921,7.85360765e+00,-9.098071,1.72728574e+00,1
-11.437253,1.76819217e+00,-4.644676,3.21087813e+00,1
-11.437253,1.76819217e+00,-1.862366,2.00665927e+00,1
-11.437253,1.76819217e+00,-5.375407,2.36708760e+00,1
-5.673645,9.73400831e-01,-9.350930,1.57286894e+00,1
-5.673645,9.73400831e-01,-6.665645,2.06336164e+00,1
-0.593727,1.22316813e+00,-8.891165,1.28025031e+00,1
-0.593727,1.22316813e+00,-0.723743,1.09309220e+00,1
-4.526347,1.17723715e+00,-2.937649,1.60963571e+00,1
-4.526347,1.17723715e+00,-9.928018,1.52286041e+00,1
1.089527,1.00546336e+00,-5.919124,1.82897723e+00,1
-6.144380,1.22741044e+00,-2.692983,2.31940627e+00,1
-3.402930,2.82829118e+00,-14.581077,1.27101815e+00,1
-3.874774,1.18824589e+00,-0.979219,1.42335272e+00,1
-3.874774,1.18824589e+00,-12.355270,2.47987294e+00,1
-2.263659,1.28869891e+00,-10.172912,2.98736930e+00,1
-1.963879,9.59985554e-01,-1.321881,1.30916810e+00,1
-18.780386,1.79807353e+00,-0.646008,2.05979800e+00,1
-18.780386,1.79807353e+00,1.129972,2.48561168e+00,1
-1.223860,1.30589426e+00,-19.541542,1.10506439e+00,1
-1.223860,1.30589426e+00,-8.859987,1.92428637e+00,1
-1.223860,1.30589426e+00,-2.015940,7.30635691e+00,1
-14.278712,1.89302421e+00,-10.256597,4.23373318e+00,1
-14.278712,1.89302421e+00,1.097688,2.06247330e+00,1
-5.805083,1.65780020e+00,-1.402875,2.48559141e+00,1
-9.206446,1.49159694e+00,-1.801252,2.73127604e+00,1
-9.206446,1.49159694e+00,-4.204467,2.96457601e+00,1
-0.737230,3.69310975e+00,-6.169140,2.83258653e+00,1
-5.005952,1.70432544e+00,2.664034,2.16543818e+00,1
-8.853696,1.19967258e+00,-9.122184,2.18457961e+00,1
-8.853696,1.19967258e+00,-1.072372,3.14618349e+00,1
-8.853696,1.19967258e+00,-5.862059,2.26694894e+00,1
-20.228851,2.33477974e+00,-5.255675,4.40936804e+00,1
-8.166577,1.65312374e+00,0.348162,1.96352458e+00,1
-8.220108,1.15735996e+00,-10.320860,1.66373277e+00,0.9
-5.877449,9.65994120e-01,-4.496119,2.60063696e+00,0.9
-2.973078,2.48220587e+00,-13.987355,2.76656699e+00,0.9
-9.855984,4.68682384e+00,-1.819361,2.90460396e+00,0.9
-6.679595,3.99011660e+00,-8.247093,2.38315487e+00,0.9
-6.679595,3.99011660e+00,-10.051992,2.31044769e+00,0.9
-6.679595,3.99011660e+00,-10.902865,2.38722897e+00,0.9
-6.679595,3.99011660e+00,0.458347,6.26102877e+00,0.9
-8.838730,1.97042882e+00,-4.602218,2.91642761e+00,0.9
-8.838730,1.97042882e+00,0.826949,2.05429101e+00,0.9
-8.838730,1.97042882e+00,-3.972092,1.70268965e+00,0.9
-8.838730,1.97042882e+00,-8.080349,9.63854551e-01,0.9
-8.629910,2.51304626e+00,-13.114353,4.09388685e+00,0.9
-14.091423,4.74185324e+00,-8.426970,1.33789933e+00,0.9
-14.091423,4.74185324e+00,-10.291855,1.63055861e+00,0.9
-9.409461,3.06439996e+00,-3.060163,3.59946871e+00,0.9
-9.409461,3.06439996e+00,0.069831,1.19240534e+00,0.9
-13.591788,1.59736228e+00,-5.268408,1.37466943e+00,0.9
-2.787965,1.72984111e+00,3.550533,1.16604173e+00,0.9
-2.787965,1.72984111e+00,-8.279117,1.22010732e+00,0.9
-2.787965,1.72984111e+00,-5.275669,3.32166243e+00,0.9
-2.787965,1.72984111e+00,-11.009751,1.78813124e+00,0.9
-2.787965,1.72984111e+00,-24.786411,1.77007663e+00,0.9
-2.787965,1.72984111e+00,-3.848784,2.55654669e+00,0.9
-4.251315,1.74886203e+00,-10.241023,1.81422853e+00,0.9
-10.391498,1.88881969e+00,-5.116187,2.16716957e+00,0.9
-3.510901,5.58658743e+00,-1.855151,7.04747677e+00,0.9
-2.663442,3.24560833e+00,-1.065426,1.71217072e+00,0.9
-2.663442,3.24560833e+00,-3.620872,2.06813359e+00,0.9
-2.663442,3.24560833e+00,-4.989927,1.15034235e+00,0.9
0.451568,1.17896700e+00,-6.370046,1.67599249e+00,0.9
-15.735577,1.77639616e+00,-14.698213,2.47089386e+00,0.9
-2.320350,4.75927925e+00,-7.316195,1.76780057e+00,0.9
-0.015006,1.35276926e+00,-9.261304,1.53432703e+00,0.9
-0.015006,1.35276926e+00,-2.900699,2.69467163e+00,0.9
-5.291885,1.04532158e+00,-10.582304,5.60437059e+00,0.9
-5.291885,1.04532158e+00,-9.994478,1.20001566e+00,0.9
-5.291885,1.04532158e+00,-25.637655,1.80202878e+00,0.9
0.337962,1.30324125e+00,0.229796,3.20021749e+00,0.9
0.337962,1.30324125e+00,-3.673994,7.34233570e+00,0.9
-1.892172,1.64562118e+00,-6.219822,2.19608998e+00,0.9
-1.892172,1.64562118e+00,-0.665458,1.82907903e+00,0.9
-1.892172,1.64562118e+00,-9.862864,2.51300049e+00,0.9
-7.680365,1.18276024e+00,-6.181340,1.13322008e+00,0.9
-0.956968,2.61540890e+00,-2.729084,1.63835287e+00,0.9
-1.012338,1.72459781e+00,-8.850830,2.81989217e+00,0.9
-10.530875,1.71775115e+00,-12.532084,4.20328093e+00,0.9
-20.675800,1.09877908e+00,-25.586897,1.87855709e+00,0.9
-20.675800,1.09877908e+00,-5.209741,3.20383024e+00,0.9
-7.655726,2.97590566e+00,-16.304012,1.70963252e+00,0.9
-7.655726,2.97590566e+00,-10.286615,3.03394365e+00,0.9
-7.655726,2.97590566e+00,-3.517514,2.11523795e+00,0.9
-7.655726,2.97590566e+00,-11.001870,1.31938279e+00,0.9
-7.655726,2.97590566e+00,-9.282261,3.78389335e+00,0.9
-1.068283,2.06594110e+00,-0.411535,2.51365042e+00,0.9
-18.920845,2.07251668e+00,-8.991586,3.11599016e+00,0.9
-0.507481,1.39697897e+00,-8.294246,1.28473091e+00,0.9
1.767147,1.75402427e+00,-13.003486,1.56737506e+00,0.9
-7.699102,1.42987013e+00,-4.996225,1.54329681e+00,0.9
-7.699102,1.42987013e+00,-1.511972,1.05819845e+00,0.9
-7.699102,1.42987013e+00,-1.363162,1.78902209e+00,0.9
-7.699102,1.42987013e+00,-5.722271,1.12949591e+01,0.9
-7.699102,1.42987013e+00,-1.799650,1.05307817e+00,0.9
-4.777848,2.39455056e+00,-1.897859,5.00181770e+00,0.9
-14.809739,4.54422379e+00,-1.186436,2.44883752e+00,0.9
-7.695687,2.14033818e+00,-12.667670,1.22039688e+00,0.9
-7.695687,2.14033818e+00,-3.445278,8.79475212e+00,0.9
-7.695687,2.14033818e+00,-6.345553,3.18352032e+00,0.9
0.660900,4.39941120e+00,-5.162425,3.80977345e+00,0.9
-10.533977,2.17395902e+00,-3.250170,9.65747547e+00,0.9
-3.920304,1.91210735e+00,-15.780617,2.49376965e+00,0.9
-3.920304,1.91210735e+00,-4.138631,1.61928380e+00,0.9
-4.760752,3.30169535e+00,-3.703569,2.34658098e+00,0.9
-8.220018,1.16358638e+00,-8.362754,4.17235184e+00,0.8
-8.220018,1.16358638e+00,-5.571301,2.42317843e+00,0.8
-2.427988,2.43158269e+00,-6.610682,1.69095707e+00,0.8
-2.427988,2.43158269e+00,-29.178047,1.56290340e+00,0.8
-9.862472,3.24020433e+00,-7.645538,3.23364234e+00,0.8
-6.679657,4.01375055e+00,-11.819431,1.08989525e+01,0.8
-6.679657,4.01375055e+00,-6.266832,3.44435215e+00,0.8
-6.679657,4.01375055e+00,0.065644,2.95991492e+00,0.8
-6.679657,4.01375055e+00,0.027476,3.36727452e+00,0.8
-0.124169,1.62171090e+00,-5.085671,1.32533646e+00,0.8
-9.230001,1.96290934e+00,-10.556514,3.88610387e+00,0.8
-9.230001,1.96290934e+00,-10.405350,3.30250478e+00,0.8
-9.230001,1.96290934e+00,-2.291235,9.18897271e-01,0.8
-9.230001,1.96290934e+00,-7.230279,1.10229313e+00,0.8
-9.230001,1.96290934e+00,-0.280795,1.20947957e+00,0.8
-15.371425,1.88947642e+00,-6.072665,7.24598598e+00,0.8
-8.549518,4.73966265e+00,1.466612,9.77118301e+00,0.8
-4.613422,1.26184249e+00,-3.590583,1.74596596e+00,0.8
-4.613422,1.26184249e+00,-2.690316,2.07735348e+00,0.8
-4.613422,1.26184249e+00,-2.965712,1.71038210e+00,0.8
-3.062408,2.14802957e+00,-2.579921,1.91413510e+00,0.8
-3.062408,2.14802957e+00,-8.752866,9.50868225e+00,0.8
-3.062408,2.14802957e+00,-4.877845,1.72987962e+00,0.8
-3.062408,2.14802957e+00,-5.938796,7.78429079e+00,0.8
-3.062408,2.14802957e+00,-18.084944,2.40972114e+00,0.8
-3.062408,2.14802957e+00,-6.958558,1.72778177e+00,0.8
-3.161507,1.73307323e+00,-1.144050,1.80179667e+00,0.8
-3.161507,1.73307323e+00,-3.937242,2.72312975e+00,0.8
-3.757670,5.61242437e+00,-3.879209,1.26195729e+00,0.8
-2.057287,3.11389470e+00,-4.078334,1.68262653e+01,0.8
-2.057287,3.11389470e+00,-14.768019,1.18998003e+00,0.8
-2.057287,3.11389470e+00,-3.982069,2.12350464e+00,0.8
-2.557147,1.76143384e+00,-5.007051,4.06902218e+00,0.8
-8.791344,1.78687274e+00,-2.504718,2.79074097e+00,0.8
-8.791344,1.78687274e+00,-7.439346,1.63035643e+00,0.8
-0.469891,1.37431645e+00,-2.420324,2.83731604e+00,0.8
-4.287921,1.02182937e+00,-1.799794,2.64021039e+00,0.8
-4.287921,1.02182937e+00,-3.613645,2.59211755e+00,0.8
-4.287921,1.02182937e+00,-4.192491,2.35574603e+00,0.8
0.251790,1.30010450e+00,-0.634482,3.58171058e+00,0.8
0.251790,1.30010450e+00,-5.236389,1.16548586e+00,0.8
-3.398835,1.19191730e+00,-4.137532,1.80995345e+00,0.8
-3.398835,1.19191730e+00,-1.158204,2.27976656e+00,0.8
-25.125580,3.44078302e+00,-6.870537,7.27609205e+00,0.8
-5.208815,1.39881837e+00,-12.887589,1.28488052e+00,0.8
-8.002184,1.19551647e+00,0.768076,1.95299876e+00,0.8
-0.912766,2.63112378e+00,-0.015692,1.52412915e+00,0.8
-1.378897,1.74759519e+00,1.618312,1.46760821e+00,0.8
-11.226140,1.69833207e+00,-3.582891,2.85088778e+00,0.8
3.517892,8.65007639e-01,-1.690281,4.60863161e+00,0.8
-22.943251,5.96100855e+00,-8.735787,1.99141324e+00,0.8
-22.943251,5.96100855e+00,1.377363,3.30250573e+00,0.8
-22.943251,5.96100855e+00,-3.467524,1.04776168e+00,0.8
-22.943251,5.96100855e+00,-15.261756,1.25983393e+00,0.8
-1.677640,3.15307355e+00,-1.902594,3.11600161e+00,0.8
-1.650739,2.06088257e+00,-5.496306,1.72623158e+00,0.8
-0.851706,2.06896973e+00,-6.189099,1.74382734e+00,0.8
-21.528139,2.13570642e+00,-13.386835,1.69401407e+00,0.8
-21.528139,2.13570642e+00,-12.028831,4.29060316e+00,0.8
-7.636053,1.42653251e+00,-8.218168,3.17956209e+00,0.8
-7.636053,1.42653251e+00,-6.640702,1.75767410e+00,0.8
-7.636053,1.42653251e+00,-8.838317,1.65390432e+00,0.8
-0.608949,2.49750638e+00,-4.060967,3.73798060e+00,0.8
-0.608949,2.49750638e+00,-13.067078,3.03729486e+00,0.8
-4.143365,1.13868117e+00,-0.550830,1.32701957e+00,0.8
-4.143365,1.13868117e+00,-1.071316,1.29531980e+00,0.8
-6.234358,3.14605737e+00,-21.138283,1.89196730e+00,0.8
-6.696490,2.14607716e+00,-3.908750,1.25466025e+00,0.8
-13.171101,3.58585191e+00,-5.158731,1.91266453e+00,0.8
0.957796,3.59190249e+00,-11.338088,1.86686897e+00,0.8
-9.530879,2.18242908e+00,-5.622961,4.26845837e+00,0.8
-10.637526,5.70109272e+00,-3.137686,3.08632898e+00,0.8
-0.627518,4.86715269e+00,-4.601751,4.02230406e+00,0.8
-5.931329,3.22921133e+00,-5.301091,2.28162026e+00,0.7
-2.553723,2.17817760e+00,-7.734656,2.31287551e+00,0.7
-1.791321,2.36456895e+00,-10.828052,1.75229096e+00,0.7
-1.791321,2.36456895e+00,-4.282048,4.14354372e+00,0.7
-1.962842,1.16936517e+00,-3.038757,4.86538029e+00,0.7
-6.679532,4.05033159e+00,-4.248570,1.75685596e+00,0.7
-6.679532,4.05033159e+00,-2.159913,2.15040278e+00,0.7
-6.679532,4.05033159e+00,-3.365734,2.89411998e+00,0.7
0.787057,4.35547638e+00,-0.704036,2.17970610e+00,0.7
0.775683,1.62237453e+00,-17.715963,1.78506112e+00,0.7
0.775683,1.62237453e+00,-7.063496,1.41604674e+00,0.7
0.959228,3.61261415e+00,-9.190664,3.07336473e+00,0.7
-9.337434,1.21566367e+00,-6.344719,2.52964187e+00,0.7
-9.337434,1.21566367e+00,-4.319438,4.23917723e+00,0.7
-9.337434,1.21566367e+00,-10.021830,2.18211985e+00,0.7
-9.337434,1.21566367e+00,-0.500933,2.93282700e+00,0.7
-9.337434,1.21566367e+00,-16.480947,1.27438188e+00,0.7
-1.209326,3.84281278e+00,-6.927178,3.43902254e+00,0.7
-1.209326,3.84281278e+00,-2.259309,1.53599656e+00,0.7
-11.031938,1.95500219e+00,-5.484370,1.40121853e+00,0.7
-11.031938,1.95500219e+00,-9.702280,1.88343775e+00,0.7
-11.031938,1.95500219e+00,-2.009092,3.30291581e+00,0.7
-11.031938,1.95500219e+00,-10.056684,1.68058622e+00,0.7
-11.031938,1.95500219e+00,-7.894319,1.21346128e+00,0.7
1.822697,3.96504498e+00,-13.597447,1.42292476e+00,0.7
-3.926722,1.40838158e+00,-4.718875,1.45444417e+00,0.7
-2.118512,1.71646667e+00,-5.145460,1.71249568e+00,0.7
0.306298,1.34816849e+00,-17.488922,2.75519276e+00,0.7
-6.208924,1.14270544e+00,-9.153087,1.72734523e+00,0.7
-1.498733,2.99358439e+00,-9.579229,2.52895546e+00,0.7
-1.498733,2.99358439e+00,-7.639369,3.51755118e+00,0.7
-1.498733,2.99358439e+00,-2.993957,3.66685605e+00,0.7
-1.498733,2.99358439e+00,-4.564240,6.54842091e+00,0.7
0.249580,1.70631087e+00,-8.210743,4.55817413e+00,0.7
-5.989333,1.82650971e+00,-7.278190,2.95334125e+00,0.7
-1.340952,1.40234685e+00,-12.605202,2.45153260e+00,0.7
-9.797513,1.45883787e+00,1.113635,2.47022200e+00,0.7
-14.378864,9.82388616e-01,-12.247404,1.19318593e+00,0.7
-14.378864,9.82388616e-01,-6.564230,1.76102614e+00,0.7
-19.288475,4.00407982e+00,-9.177990,1.45056653e+00,0.7
0.001428,1.31532645e+00,2.885829,3.81517696e+00,0.7
0.001428,1.31532645e+00,-1.371550,1.35445046e+00,0.7
-4.046104,1.18236554e+00,-13.615399,8.72875154e-01,0.7
-4.046104,1.18236554e+00,-4.373225,2.78093386e+00,0.7
-2.394928,1.40286744e+00,-0.047808,3.25826311e+00,0.7
-8.619718,1.57785666e+00,-3.448719,1.67369258e+00,0.7
-0.904312,2.66821241e+00,-11.819500,2.13392949e+00,0.7
-2.087164,1.79346538e+00,-10.407769,1.96869898e+00,0.7
-13.184187,1.68352795e+00,-4.433845,1.37103724e+00,0.7
3.598267,8.53113174e-01,-4.158118,1.69258869e+00,0.7
-21.542227,6.30133963e+00,-5.779954,1.77048182e+00,0.7
-13.224062,2.16399789e+00,-14.852139,1.40406144e+00,0.7
-13.224062,2.16399789e+00,-1.169870,3.72268939e+00,0.7
-6.391989,1.42234290e+00,-13.454250,2.68817210e+00,0.6
-1.491522,2.02392745e+00,-1.381000,8.22915733e-01,0.6
-1.150862,2.28177667e+00,-13.159264,3.02412677e+00,0.6
-1.150862,2.28177667e+00,-2.308243,2.18278289e+00,0.6
-1.150862,2.28177667e+00,-2.648779,4.83237886e+00,0.6
3.403494,2.13939619e+00,-3.351525,1.53727329e+00,0.6
-4.570132,2.48174930e+00,-3.313195,3.53309321e+00,0.6
-4.570132,2.48174930e+00,0.089584,2.26704359e+00,0.6
-0.703272,4.40393686e+00,-1.354381,6.74802160e+00,0.6
1.756962,1.62944448e+00,-6.623753,1.79787576e+00,0.6
1.756962,1.62944448e+00,-1.123026,1.78296113e+00,0.6
1.756962,1.62944448e+00,-3.306642,1.73250568e+00,0.6
1.756962,1.62944448e+00,-5.569645,6.74472284e+00,0.6
1.756962,1.62944448e+00,-3.902214,2.96741676e+00,0.6
1.756962,1.62944448e+00,-3.921738,1.98632145e+00,0.6
-9.659780,1.22346866e+00,-12.189692,5.58271027e+00,0.6
-9.659780,1.22346866e+00,-2.395916,1.62145865e+00,0.6
-9.659780,1.22346866e+00,-2.535721,1.53820157e+00,0.6
-9.659780,1.22346866e+00,-2.443125,9.12455857e-01,0.6
-9.659780,1.22346866e+00,-7.016932,2.13946986e+00,0.6
-7.106450,2.78045845e+00,-4.231181,2.39805031e+00,0.6
-8.746525,1.34177029e+00,0.302671,1.28731215e+00,0.6
-3.840897,2.19408107e+00,-8.336637,1.16596484e+00,0.6
-3.840897,2.19408107e+00,1.030878,1.64731789e+00,0.6
-3.840897,2.19408107e+00,-8.300719,1.59839332e+00,0.6
-1.316695,3.48962021e+00,-10.476734,1.27269006e+00,0.6
-3.586452,9.05966759e-01,-4.808019,2.56315017e+00,0.6
1.617599,3.89792657e+00,-13.714426,1.85535491e+00,0.6
1.202713,2.50376916e+00,1.425311,2.23677397e+00,0.6
-8.554578,2.86587882e+00,-4.654201,1.53471625e+00,0.6
-1.099247,1.70099604e+00,-11.359868,1.70330310e+00,0.6
1.700879,1.84114418e+01,-10.590797,2.08630753e+00,0.6
1.700879,1.84114418e+01,-8.891583,1.99673927e+00,0.6
-7.113620,1.04471695e+00,-7.754487,3.53872657e+00,0.6
-7.113620,1.04471695e+00,-2.435957,1.96949530e+00,0.6
-7.113620,1.04471695e+00,-3.156083,3.59416342e+00,0.6
0.021852,1.73592877e+00,-3.388590,2.87913704e+00,0.6
0.021852,1.73592877e+00,-13.897511,1.41833246e+00,0.6
-6.909408,1.22562778e+00,-0.237694,9.40233171e-01,0.6
-9.576291,1.87473655e+00,-7.866513,2.22134590e+00,0.6
-2.841768,9.65098143e-01,-5.952332,1.67171228e+00,0.6
-16.886705,4.21425819e+00,-7.406193,1.46131480e+00,0.6
-5.678386,4.14827681e+00,-3.148123,3.68166161e+00,0.6
-7.754675,5.64626122e+00,-2.023410,3.45461845e+00,0.6
-7.754675,5.64626122e+00,-9.114326,1.77319539e+00,0.6
-5.374491,1.21188092e+00,-23.474859,1.45684564e+00,0.6
-5.374491,1.21188092e+00,-6.452822,1.85728252e+00,0.6
-5.374491,1.21188092e+00,-1.797809,4.05386496e+00,0.6
-5.007764,2.81039762e+00,-8.757695,9.49654043e-01,0.6
-13.255922,1.69643140e+00,-1.539681,1.56447041e+00,0.6
-0.998244,2.74554873e+00,-9.781317,1.88166916e+00,0.6
-5.765364,3.09699869e+00,-6.638979,2.13096452e+00,0.6
-5.765364,3.09699869e+00,-7.807301,2.68075275e+00,0.6
-4.213802,9.80695367e-01,-4.892601,1.84029901e+00,0.6
-4.227638,1.49421704e+00,-1.814076,1.78237021e+00,0.6
-4.227638,1.49421704e+00,-5.728848,1.05383492e+00,0.6
-4.227638,1.49421704e+00,-12.271996,1.53895295e+00,0.6
-4.227638,1.49421704e+00,-5.617690,1.51963151e+00,0.6
-3.390657,2.63830400e+00,-6.554246,1.37361979e+00,0.6
-14.487442,4.65989065e+00,-6.020220,2.94748521e+00,0.6
-14.487442,4.65989065e+00,-7.403990,3.53315568e+00,0.6
-2.300133,3.73314404e+00,-3.378624,1.99621463e+00,0.6
-17.049799,1.97766471e+00,-3.803341,2.74540806e+00,0.6
-25.619576,3.99374533e+00,-10.388202,2.63649344e+00,0.6
-25.619576,3.99374533e+00,-12.202741,2.30049777e+00,0.6
-25.619576,3.99374533e+00,-19.585873,1.90316021e+00,0.6
-4.286797,1.19018936e+00,-7.800870,1.56618762e+00,0.6
-4.286797,1.19018936e+00,-1.071368,1.68399584e+00,0.6
-12.618659,1.18293869e+00,-9.769359,4.05222845e+00,0.6
-12.618659,1.18293869e+00,-10.231715,2.16197634e+00,0.6
-12.618659,1.18293869e+00,-22.969009,1.61594546e+00,0.6
-6.593602,1.73247564e+00,-6.908017,3.32936883e+00,0.5
-13.764211,1.83354580e+00,-8.505934,1.75436449e+00,0.5
-0.657658,1.67000020e+00,-7.067205,1.65732014e+00,0.5
-2.080037,1.03360462e+00,-8.022620,1.64276862e+00,0.5
-9.731312,1.44993055e+00,-2.805444,1.21132255e+00,0.5
-17.427561,2.71398950e+00,-13.016616,4.14352226e+00,0.5
0.201129,1.47774613e+00,-12.048174,1.27309573e+00,0.5
2.851450,1.64645612e+00,-3.750010,4.81377602e+00,0.5
2.851450,1.64645612e+00,-1.621397,1.89194620e+00,0.5
-10.705821,1.23171127e+00,-15.409855,9.30984855e-01,0.5
-8.737402,9.72858906e-01,-9.585316,1.91759157e+00,0.5
-0.345729,2.78538704e+00,-5.151309,5.00770044e+00,0.5
-1.864394,1.22007334e+00,-4.731067,2.36589718e+00,0.5
-0.955420,2.16056418e+00,2.672077,2.23836184e+00,0.5
0.424572,1.95098341e+00,0.856857,3.92051530e+00,0.5
0.424572,1.95098341e+00,-8.123643,1.76142585e+00,0.5
-0.305226,3.40249920e+00,-4.240298,2.54147673e+00,0.5
-14.348772,2.46737480e+00,-1.173538,1.37820089e+00,0.5
-6.587937,2.94329548e+00,-7.252328,1.58106065e+00,0.5
-12.225278,2.66806817e+00,-2.453275,1.86625195e+00,0.5
-4.914258,1.71915722e+00,-16.568214,1.57314098e+00,0.5
-4.914258,1.71915722e+00,-1.358032,3.09353209e+00,0.5
-4.914258,1.71915722e+00,-8.173100,3.20637441e+00,0.5
-0.483972,1.78702354e+00,-1.769138,3.11698413e+00,0.5
3.139153,1.75234604e+00,-10.352400,6.17409229e+00,0.5
-8.028216,1.84761751e+00,-22.496759,2.19875050e+00,0.5
-2.559637,2.37447309e+00,-10.621305,1.50703716e+00,0.5
-5.555596,1.17113817e+00,-3.679722,1.51318765e+00,0.5
-5.555596,1.17113817e+00,-12.781695,2.78127551e+00,0.5
-9.351007,1.56144297e+00,-1.332739,1.30184472e+00,0.5
-9.351007,1.56144297e+00,-12.775897,1.42383301e+00,0.5
-6.560682,5.25033140e+00,-5.896460,3.29634285e+00,0.5
-6.560682,5.25033140e+00,-7.857055,1.95818329e+00,0.5
-6.560682,5.25033140e+00,-5.419508,1.38511276e+00,0.5
-2.032553,1.68124402e+00,-15.130981,3.48679543e+00,0.5
-9.439400,1.29008543e+00,-9.885715,3.78859830e+00,0.5
0.116030,1.04163933e+00,-5.179945,3.58698297e+00,0.5
0.116030,1.04163933e+00,-6.624104,3.40668011e+00,0.5
0.116030,1.04163933e+00,-1.349039,1.25376511e+00,0.5
0.116030,1.04163933e+00,-7.874061,2.05262804e+00,0.5
-2.877353,2.62983012e+00,-20.024233,3.36542439e+00,0.5
-2.707181,1.65049422e+00,-33.871803,1.70029616e+00,0.5
-14.074958,1.90730226e+00,-2.318323,2.31043196e+00,0.5
-23.046307,6.04682684e+00,-14.193438,1.54640698e+00,0.5
-5.782749,3.30226994e+00,-27.881468,1.37052524e+00,0.5
-11.349669,1.43201804e+00,-4.837041,5.83974504e+00,0.5
-2.612970,1.03739119e+00,-1.769498,1.62507510e+00,0.5
-2.612970,1.03739119e+00,-4.285697,1.42697561e+00,0.5
-2.612970,1.03739119e+00,-12.068979,1.65123296e+00,0.5
2.185189,1.29568660e+00,-6.411483,1.77224314e+00,0.5
2.185189,1.29568660e+00,-1.025892,2.99546599e+00,0.5
-5.805854,2.47498703e+00,-0.329585,3.03237653e+00,0.5
-11.413276,2.28904057e+00,-5.160296,1.43794167e+00,0.5
-2.150197,1.90228307e+00,-1.444686,2.96415520e+00,0.5
-2.150197,1.90228307e+00,-5.266652,1.07611918e+00,0.5
-4.064940,1.17323446e+00,-13.824759,3.66835356e+00,0.5
-4.064940,1.17323446e+00,-7.113643,1.90995610e+00,0.5
-5.922854,3.44587016e+00,-2.988997,4.54525709e+00,0.5
-3.899858,1.85433352e+00,-4.600061,1.18877554e+00,0.5
0.382482,3.35074282e+00,-11.864723,1.65059984e+00,0.5
-6.139567,3.60012603e+00,-9.579025,1.55031061e+00,0.5
-6.351397,2.74308443e+00,-6.787482,2.45617247e+00,0.5
-18.503475,1.63770461e+00,-7.242446,1.23257041e+00,0.5
-11.865622,1.69848263e+00,-3.835040,2.45862722e+00,0.5
-6.617532,1.35242796e+00,-11.567093,2.78575468e+00,0.5
-9.597024,9.77198064e-01,-3.343999,1.46306086e+00,0.5
-9.597024,9.77198064e-01,-6.500222,1.53287876e+00,0.5
-14.155106,1.36833918e+00,-4.217060,3.45383453e+00,0.5
-14.155106,1.36833918e+00,-8.621256,5.47442961e+00,0.5
-7.431097,1.95072877e+00,-10.366714,2.12490940e+00,0.5
2.677619,4.70035410e+00,-5.764651,1.28871393e+00,0.5
-7.396029,1.54384947e+00,-6.922679,1.17589068e+00,0.5
-7.396029,1.54384947e+00,-2.178305,1.41719890e+00,0.5
-4.567372,2.27331042e+00,-4.500637,1.78635764e+00,0.5
-1.535837,1.35012245e+00,-11.737278,1.78566945e+00,0.5
-4.876212,1.57238078e+00,-3.474182,3.06884384e+00,0.5
-0.887000,1.55152535e+00,-5.885714,1.46314144e+00,0.5
-6.927644,2.45345449e+00,-2.046796,4.43767977e+00,0.5
-1.968038,3.32499504e+00,-7.224909,1.41248655e+00,0.4
-13.590760,2.56178975e+00,-8.852245,1.77421522e+00,0.4
-6.985758,1.23009229e+00,-0.323603,2.85193324e+00,0.4
-0.267841,1.31434405e+00,-11.845284,2.29605770e+00,0.4
-4.423392,4.25569201e+00,-5.213344,2.07818675e+00,0.4
-8.483289,3.82724261e+00,-5.320391,1.18974745e+00,0.4
-2.138062,1.83456767e+00,-8.148595,3.27504349e+00,0.4
-6.616314,1.41956830e+00,-11.949488,1.57854986e+00,0.4
-0.520268,1.54807603e+00,-4.980192,1.81338346e+00,0.4
-3.699002,1.28654182e+00,-3.233871,2.33737469e+00,0.4
-12.530473,1.94768202e+00,-17.204350,3.43716836e+00,0.4
-0.746163,1.29509103e+00,-12.290550,1.60010779e+00,0.4
-10.726558,2.82183146e+00,-12.360611,2.53999305e+00,0.4
-4.041348,2.02736092e+00,-2.566709,1.45363891e+00,0.4
-15.750933,4.08678722e+00,-7.146216,3.27338076e+00,0.4
-9.509576,2.09537220e+00,-16.481348,1.79455578e+00,0.4
-5.043155,1.85500443e+00,-9.856245,1.70315683e+00,0.4
-8.119411,1.10710979e+00,-18.447760,2.65496492e+00,0.4
-2.640314,2.96155405e+00,-5.768285,3.23414779e+00,0.4
-14.035147,3.13028884e+00,-3.297035,1.50472212e+00,0.4
-5.106895,2.15938497e+00,-15.480279,1.75838339e+00,0.4
-12.008644,3.41375113e+00,-13.861147,1.65102720e+00,0.4
-5.256974,1.59322059e+00,-14.871563,1.70610642e+00,0.4
-6.524532,2.68775368e+00,-6.016208,3.30200005e+00,0.4
-12.980289,3.12506962e+00,-10.999040,3.16677403e+00,0.4
-5.968613,3.51711392e+00,-9.343809,1.67618680e+00,0.4
-9.669522,1.09176576e+00,-12.093962,1.57436883e+00,0.4
1.245709,9.47212100e-01,-8.620568,1.51919055e+00,0.4
-4.315213,2.55404449e+00,-10.959091,2.21620917e+00,0.4
-1.131199,4.24320507e+00,-12.729027,1.71536958e+00,0.4
-2.647700,2.10889077e+00,-2.345006,3.83575511e+00,0.4
-1.078063,3.67782164e+00,-1.341705,3.84643650e+00,0.4
0.551590,3.34420848e+00,-6.568884,1.42334402e+00,0.4
-2.122562,4.14554548e+00,-2.810880,1.56992042e+00,0.4
-6.709801,8.09096146e+00,-15.669377,1.86072791e+00,0.4
3.336270,2.55766106e+00,-0.126676,6.05466843e+00,0.4
-4.040320,1.14426649e+00,-6.435439,1.33941686e+00,0.4
-0.572208,1.30420768e+00,-1.502871,2.53327632e+00,0.4
-0.432919,3.11670017e+00,-8.819288,3.08103609e+00,0.4
-3.461587,1.41500607e+01,-22.528841,1.31675565e+00,0.4
-6.409691,1.76126611e+00,-6.750214,2.53547001e+00,0.4
-3.279572,1.93838692e+00,-13.902368,1.59028864e+00,0.4
-0.030060,3.33762312e+00,-3.741030,6.21150684e+00,0.4
1.316019,2.94728971e+00,-9.144361,3.70756841e+00,0.4
1.316019,2.94728971e+00,-18.096243,1.51931894e+00,0.4
-1.463067,2.51977348e+00,-9.745667,1.42763579e+00,0.4
-7.289094,1.16923058e+00,-16.663940,1.66744184e+00,0.4
-3.268731,1.39259434e+01,-5.028110,1.67449057e+00,0.4
-6.451033,2.17046952e+00,-3.504601,1.52346230e+00,0.4
-6.451033,2.17046952e+00,-19.522566,1.71508896e+00,0.4
-1.866117,9.83697891e-01,-6.376957,1.70424461e+00,0.4
-13.071454,5.65504456e+00,-2.684373,1.29679561e+00,0.4
-9.510781,2.89014935e+00,-24.679438,1.29697788e+00,0.4
-2.077994,4.05289459e+00,-4.431045,1.65036380e+00,0.4
0.708631,1.56165190e+01,-7.024817,7.85287285e+00,0.4
-8.954870,8.48525405e-01,-10.017402,1.44178379e+00,0.4
0.860102,1.63813221e+00,-19.113035,1.76144111e+00,0.4
-2.061899,1.50560784e+00,-1.521594,1.55694222e+00,0.4
-17.962841,2.97889829e+00,-1.604242,1.62857223e+00,0.4
-12.719680,1.62323654e+00,-4.224776,2.10927200e+00,0.4
-28.827850,1.65088010e+00,-8.202677,2.14960694e+00,0.4
-6.359348,1.47634137e+00,-30.225063,1.56159222e+00,0.4
-4.986022,1.60045826e+00,-19.657591,1.77248693e+00,0.4
-12.111916,8.85672283e+00,-0.515676,1.89077652e+00,0.4
-8.103454,1.31676376e+00,-7.367127,1.18442321e+00,0.4
-2.767900,1.30357969e+00,-10.398640,3.88382435e+00,0.4
-2.767900,1.30357969e+00,-4.976876,1.42481482e+00,0.4
-1.653552,2.70183539e+00,-11.752938,3.49768949e+00,0.4
-0.069637,1.88418901e+00,-4.532111,1.88836050e+00,0.4
-0.615842,1.06499970e+00,-5.874906,3.26979876e+00,0.4
-2.523368,1.48236072e+00,-4.646093,2.90699458e+00,0.4
-5.032282,2.45194912e+00,-9.161347,1.56982517e+00,0.4
-13.889575,4.36547661e+00,-9.934525,1.89077890e+00,0.4
-13.183907,1.46699488e+00,-7.905441,1.36609244e+00,0.4
-2.379323,3.55890250e+00,-6.446662,1.20985675e+00,0.3
2.100080,1.81814599e+00,-9.254669,2.01485610e+00,0.3
-0.132461,1.09854376e+00,-4.787018,2.60126996e+00,0.3
-10.676239,8.95787835e-01,-11.434624,1.56969678e+00,0.3
1.722977,3.78140783e+00,-11.977547,1.53628731e+00,0.3
-9.536091,1.11658216e+00,-14.465508,2.61134601e+00,0.3
-3.268827,1.38682902e+00,-4.259669,1.72529149e+00,0.3
-6.318268,1.72326529e+00,-10.284309,2.64249158e+00,0.3
-5.240721,1.17693639e+00,-11.868664,2.53988719e+00,0.3
-2.370691,8.52783442e-01,-19.799095,3.25055718e+00,0.3
-1.493813,1.68079960e+00,-20.780020,1.87694156e+00,0.3
-9.790264,1.40019321e+00,-6.427425,1.70465648e+00,0.3
-20.375889,1.18996465e+00,-11.967843,3.34950829e+00,0.3
-0.201481,2.14670444e+00,-11.895926,1.52430701e+00,0.3
-0.679453,1.18817735e+00,-10.072111,1.59981048e+00,0.3
-7.387836,5.04280901e+00,-4.633194,1.61815262e+00,0.3
-12.823623,8.99968386e-01,-3.188220,2.04244757e+00,0.3
1.153694,1.77366221e+00,-7.364282,3.20277238e+00,0.3
-0.033291,9.18351948e-01,-1.518844,2.43359137e+00,0.3
0.858197,1.22408628e+00,-6.149125,3.36396646e+00,0.3
-8.458679,9.83011603e-01,-5.409126,1.60357487e+00,0.3
1.511194,1.18486965e+00,-3.951503,1.77752995e+00,0.3
-0.982056,1.13298452e+00,-7.158898,3.64055562e+00,0.3
-0.268717,9.09794331e-01,-4.617777,2.25856423e+00,0.3
-0.668328,1.00945663e+00,-6.180126,1.44557607e+00,0.3
-0.650637,1.15197873e+00,-15.985360,1.79339433e+00,0.3
-3.899902,1.24834669e+00,-5.538562,1.48947692e+00,0.3
-8.718742,1.57810509e+00,-2.082015,1.85638416e+00,0.3
-3.466442,1.61184478e+00,-3.055501,1.39642680e+00,0.3
0.228081,2.67357659e+00,-2.289505,1.78464055e+00,0.3
-6.684373,1.14856184e+00,-4.855542,1.48698175e+00,0.3
-1.443315,1.00432193e+00,-17.597725,3.00273514e+00,0.3
-5.829634,1.52298808e+00,-8.824295,1.67103899e+00,0.3
-5.674876,1.51061547e+00,-10.281238,2.01113176e+00,0.3
0.769516,1.57965875e+00,-10.245161,2.72646952e+00,0.3
1.423590,3.21190286e+00,-8.917341,1.47075832e+00,0.3
1.167801,1.11724162e+00,-8.475904,1.48978400e+00,0.3
-1.394477,1.64853942e+00,-14.566124,1.62510872e+00,0.3
-0.623133,5.43358564e+00,-2.635905,2.54587960e+00,0.3
-3.376543,7.77818978e-01,-11.805233,1.58932030e+00,0.3
-1.690795,1.61745119e+00,-4.528251,1.67026353e+00,0.3
1.894082,9.13306594e-01,-11.452118,2.41197419e+00,0.3
-18.497107,1.63053870e+00,-9.498782,1.64654160e+00,0.3
-0.778085,7.62260199e-01,-14.947606,2.04913807e+00,0.3
-10.602148,7.64308572e-01,-8.199140,1.58359694e+00,0.3
-11.369412,1.23602498e+00,-14.110151,1.60321856e+00,0.3
-0.955391,1.82349086e+00,-4.374002,3.54650974e+00,0.3
0.088570,2.35256171e+00,-9.540296,1.94103110e+00,0.3
-2.116893,1.81487703e+00,-6.727175,1.54988146e+00,0.3
-8.615268,8.30175400e-01,-5.790784,1.63324821e+00,0.3
-15.090428,1.02745891e+00,-4.343621,1.80227447e+00,0.3
-4.796915,1.27826357e+00,-14.973252,1.88941193e+00,0.3
1.670122,1.37415302e+00,-11.541813,1.92230594e+00,0.3
0.055430,2.88951755e+00,-18.336893,1.81611907e+00,0.3
-10.757663,1.01412201e+00,-3.909326,1.60267627e+00,0.3
-10.444282,6.44892216e+00,-3.546880,1.74145126e+00,0.3
-0.917072,2.23448253e+00,-3.156680,1.83758080e+00,0.3
-0.195297,3.30341768e+00,-13.706923,1.53190601e+00,0.3
-9.628494,3.47210193e+00,-10.793308,1.14218616e+00,0.3
-1.363180,1.50999653e+00,-2.909755,1.20932126e+00,0.3
-8.702097,1.83738637e+00,-6.913982,2.35248804e+00,0.3
1.120182,2.19344306e+00,-2.629126,1.63928807e+00,0.3
0.908195,1.01134026e+00,-11.210423,2.69121766e+00,0.3
-2.734765,1.20589280e+00,-5.472133,1.41393316e+00,0.3
-0.818121,1.08777332e+00,-4.611286,2.66619539e+00,0.3
-4.721305,1.78277659e+00,-2.811303,2.35998654e+00,0.3
-0.314473,1.28270209e+00,-10.206363,1.44726264e+00,0.3
2.860662,4.64145851e+00,0.000000,nan,0.2
-2.542057,1.54493666e+00,-14.308929,1.47261560e+00,0.2
-8.439607,1.34406340e+00,-14.308929,1.47261560e+00,0.2
4.974196,8.20586443e-01,-14.308929,1.47261560e+00,0.2
-10.501196,2.08773923e+00,-13.216133,2.41460466e+00,0.2
1.708434,3.86960316e+00,-7.354020,1.50084889e+00,0.2
3.656916,9.99104261e-01,-7.949824,1.69371116e+00,0.2
-7.648966,1.05859601e+00,-18.320978,1.51658475e+00,0.2
2.066847,8.40861082e-01,-18.320978,1.51658475e+00,0.2
1.188711,9.07344997e-01,-18.320978,1.51658475e+00,0.2
0.970469,1.55155683e+00,-16.989576,1.81630576e+00,0.2
1.643655,1.20671308e+00,-14.460105,1.66050005e+00,0.2
-6.409061,1.26014376e+00,-8.016718,1.79419875e+00,0.2
1.692323,1.05201662e+00,-17.578114,1.74385858e+00,0.2
-5.897090,4.02285433e+00,-17.578114,1.74385858e+00,0.2
0.578289,1.36115050e+00,-7.315539,1.68525207e+00,0.2
3.047481,1.02655602e+00,-11.383305,1.64654791e+00,0.2
4.891229,4.54946089e+00,-7.614000,1.61453736e+00,0.2
3.517841,3.02878737e+00,-17.086889,2.99377871e+00,0.2
3.107210,8.32365096e-01,-5.236299,1.77237403e+00,0.2
-0.677091,1.40097988e+00,-5.236299,1.77237403e+00,0.2
7.279134,9.92271662e-01,-5.236299,1.77237403e+00,0.2
1.714733,1.41753018e+00,-5.236299,1.77237403e+00,0.2
3.605207,1.70988691e+00,-5.236299,1.77237403e+00,0.2
3.762826,1.25001192e+00,-7.950217,2.44681334e+00,0.2
2.189148,1.13850939e+00,-4.898635,2.09812140e+00,0.2
3.166534,1.74496937e+00,-8.316108,1.73959899e+00,0.2
4.633503,1.00529301e+00,-8.316108,1.73959899e+00,0.2
4.479987,1.25775826e+00,-19.417883,1.88940406e+00,0.2
1.655876,9.10460413e-01,-12.153729,2.00970411e+00,0.2
1.445539,8.80346656e-01,-11.737949,1.44907033e+00,0.2
0.643953,1.42179167e+00,-11.737949,1.44907033e+00,0.2
5.095986,1.00114453e+00,-22.524014,1.61731374e+00,0.2
3.119833,9.24940765e-01,-7.637463,1.46859694e+00,0.2
4.075475,1.80192709e+00,-12.151589,1.56073833e+00,0.2
3.235262,8.71246517e-01,-11.667464,3.33410931e+00,0.2
2.091552,1.01464033e+00,-10.773917,2.48924088e+00,0.2
5.123716,1.37939179e+00,-10.323621,3.00730753e+00,0.2
3.382656,1.19273710e+00,-10.346502,1.48251498e+00,0.2
-1.533433,1.78461277e+00,-7.072567,1.76101518e+00,0.2
0.419808,8.38919401e-01,-7.072567,1.76101518e+00,0.2
-3.214256,1.39479506e+00,-6.655092,1.72319257e+00,0.2
-1.453990,7.94014573e-01,-10.670095,2.78700662e+00,0.2
0.896234,1.12788570e+00,-10.670095,2.78700662e+00,0.2
-1.363713,1.08737552e+00,-9.850940,3.11424375e+00,0.2
-6.038909,2.99236298e+00,-12.279363,1.55660367e+00,0.2
-1.846010,5.36338234e+00,-12.279363,1.55660367e+00,0.2
1.164929,1.88387501e+00,-10.447421,2.35920572e+00,0.2
0.254735,4.18640089e+00,-20.582758,2.67463756e+00,0.2
5.540111,1.06360817e+00,-20.582758,2.67463756e+00,0.2
0.915670,2.06674719e+00,-18.661146,1.62609851e+00,0.2
-10.711592,3.72402096e+00,-18.661146,1.62609851e+00,0.2
1.870347,1.18039060e+00,-8.664960,2.78277779e+00,0.2
5.774067,1.13908041e+00,-5.637591,1.52623367e+00,0.2
-2.065279,1.04968154e+00,-18.589062,1.70457065e+00,0.2
2.005614,7.48150921e+00,-18.589062,1.70457065e+00,0.2
2.822561,1.39604104e+00,-4.553804,1.52184594e+00,0.2
3.007389,1.67167246e+00,-10.785542,2.95321488e+00,0.2
2.143946,2.88911176e+00,-28.384375,1.64220226e+00,0.2
1.904940,2.12352753e+00,-20.976521,1.60988653e+00,0.2
2.237019,1.03681886e+00,-20.976521,1.60988653e+00,0.2
5.992703,8.16853225e-01,-20.976521,1.60988653e+00,0.2
-0.050484,1.21247387e+00,-20.976521,1.60988653e+00,0.2
-0.668471,8.66375387e-01,-6.085583,1.51442444e+00,0.2
-1.500516,1.77490592e+00,-6.085583,1.51442444e+00,0.2
0.276029,7.83125222e-01,-17.880360,1.49575174e+00,0.2
-3.528310,3.30609369e+00,-15.438076,1.66172230e+00,0.2
2.366540,2.93057823e+00,-15.385855,1.47983921e+00,0.2
-2.585264,1.79559624e+00,-20.915022,2.32687998e+00,0.2
1.138309,1.51265657e+00,-7.724042,1.64275396e+00,0.2
2.019098,8.65853906e-01,-7.724042,1.64275396e+00,0.2
3.888801,1.17148006e+00,-9.927885,1.86524320e+00,0.2
4.784823,2.07289624e+00,-9.927885,1.86524320e+00,0.2
0.619393,2.14642739e+00,-6.779909,1.61288726e+00,0.2
3.283800,9.45124447e-01,-7.938308,1.69467354e+00,0.2
5.424001,7.84140408e-01,-7.938308,1.69467354e+00,0.2
1.624679,1.47233796e+00,-7.938308,1.69467354e+00,0.2
-0.639347,9.16904509e-01,-7.938308,1.69467354e+00,0.2
3.795859,9.26504433e-01,0.000000,nan,0.2
8.389045,6.44716692e+00,0.000000,nan,0.1
8.826049,1.02841532e+00,0.000000,nan,0.1
7.802668,8.57118070e-01,0.000000,nan,0.1
7.687291,8.55291247e-01,0.000000,nan,0.1
8.983001,8.86107385e-01,0.000000,nan,0.1
7.540895,1.02382278e+00,0.000000,nan,0.1
8.281372,1.26227880e+00,0.000000,nan,0.1
8.071839,9.28663611e-01,0.000000,nan,0.1
7.210370,8.56149733e-01,0.000000,nan,0.1
8.893859,1.61633551e+00,0.000000,nan,0.1
8.675053,8.68061185e-01,0.000000,nan,0.1
9.678489,7.84604073e-01,0.000000,nan,0.1
7.069969,6.94335270e+00,0.000000,nan,0.1
8.087307,8.76648128e-01,0.000000,nan,0.1
8.499351,7.75030911e-01,0.000000,nan,0.1
8.847553,1.11450207e+00,0.000000,nan,0.1
8.672230,1.16994715e+00,0.000000,nan,0.1
8.909950,9.39765692e-01,0.000000,nan,0.1
9.091998,8.97548735e-01,0.000000,nan,0.1
7.396716,7.88673341e-01,0.000000,nan,0.1
8.816957,7.97256112e-01,0.000000,nan,0.1
8.657660,1.79381418e+00,0.000000,nan,0.1
9.342107,8.71603966e-01,0.000000,nan,0.1
8.058553,9.45805252e-01,0.000000,nan,0.1
8.324391,1.32911956e+00,0.000000,nan,0.1
8.563669,8.12443554e-01,0.000000,nan,0.1
8.276438,2.73893523e+00,0.000000,nan,0.1
6.618308,1.00058746e+00,0.000000,nan,0.1
8.900227,8.81855428e-01,0.000000,nan,0.1
6.981750,2.48239398e+00,0.000000,nan,0.1
8.812869,1.02507246e+00,0.000000,nan,0.1
9.330807,1.35130179e+00,0.000000,nan,0.1
8.562450,9.11383569e-01,0.000000,nan,0.1
9.382590,3.12359715e+01,0.000000,nan,0.1
8.070904,1.32652545e+00,0.000000,nan,0.1
8.087386,1.12438595e+00,0.000000,nan,0.1
7.649970,1.00139475e+00,0.000000,nan,0.1
7.683961,9.32128966e-01,0.000000,nan,0.1
8.341651,8.39107335e-01,0.000000,nan,0.1
8.279404,1.32828987e+00,0.000000,nan,0.1
8.045252,8.64707351e-01,0.000000,nan,0.1
7.137696,4.84699059e+00,0.000000,nan,0.1
9.031559,8.88227165e-01,0.000000,nan,0.1
8.290940,7.30695391e+00,0.000000,nan,0.1
7.479186,2.07652164e+00,0.000000,nan,0.1
9.434406,9.38342869e-01,0.000000,nan,0.1
8.614635,4.60967255e+00,0.000000,nan,0.1
8.225738,7.53840208e-01,0.000000,nan,0.1
8.688117,8.44771326e-01,0.000000,nan,0.1
8.187902,1.71940815e+00,0.000000,nan,0.1
14.148573,1.03741848e+00,0.000000,nan,0.01
14.253982,1.17184365e+00,0.000000,nan,0.01
14.181171,1.03139925e+00,0.000000,nan,0.01
14.322278,1.33035171e+00,0.000000,nan,0.01
14.395165,1.00066662e+00,0.000000,nan,0.01
14.174115,1.54069352e+00,0.000000,nan,0.01
14.158651,1.43643820e+00,0.000000,nan,0.01
14.161295,6.56651831e+00,0.000000,nan,0.01
14.252266,1.10110819e+00,0.000000,nan,0.01
14.052032,1.30660343e+00,0.000000,nan,0.01
14.227612,1.77667582e+00,0.000000,nan,0.01
14.271197,9.24677670e-01,0.000000,nan,0.01
14.269585,1.64092803e+00,0.000000,nan,0.01
14.327353,1.45172894e+00,0.000000,nan,0.01
14.601640,9.85432625e-01,0.000000,nan,0.01
14.104843,1.60524690e+00,0.000000,nan,0.01
14.254197,1.15509033e+00,0.000000,nan,0.01
14.340145,1.09628475e+00,0.000000,nan,0.01
14.054624,1.56893206e+00,0.000000,nan,0.01
14.150268,1.67179704e+00,0.000000,nan,0.01
14.311676,1.50017548e+00,0.000000,nan,0.01
14.190439,1.00553024e+00,0.000000,nan,0.01
14.213979,1.53026259e+00,0.000000,nan,0.01
14.288729,1.37126005e+00,0.000000,nan,0.01
14.262004,5.04903364e+00,0.000000,nan,0.01
14.162821,8.34839058e+00,0.000000,nan,0.01
14.139104,1.49898434e+00,0.000000,nan,0.01
14.150614,8.93350315e+00,0.000000,nan,0.01
14.254216,8.99934888e-01,0.000000,nan,0.01
14.102183,1.19640696e+00,0.000000,nan,0.01
14.224154,1.75052381e+00,0.000000,nan,0.01
14.370500,1.19793260e+00,0.000000,nan,0.01
14.357764,1.28979862e+00,0.000000,nan,0.01
14.386930,1.11438012e+00,0.000000,nan,0.01
14.104941,8.47411513e-01,0.000000,nan,0.01
14.290500,1.30608857e+00,0.000000,nan,0.01
14.348165,1.89888239e+00,0.000000,nan,0.01
14.243641,8.66677225e-01,0.000000,nan,0.01
14.114630,1.52142072e+00,0.000000,nan,0.01
14.369714,1.33955002e+00,0.000000,nan,0.01
14.131785,1.05205369e+00,0.000000,nan,0.01
13.957397,1.27348793e+00,0.000000,nan,0.01
14.389199,1.00666177e+00,0.000000,nan,0.01
14.216404,1.30475512e+01,0.000000,nan,0.01
14.381772,2.58132911e+00,0.000000,nan,0.01
14.076206,8.97022367e-01,0.000000,nan,0.01
14.458199,1.18276262e+00,0.000000,nan,0.01
14.228861,9.36761141e-01,0.000000,nan,0.01
14.071490,8.93526375e-01,0.000000,nan,0.01
14.409488,1.13419831e+00,0.000000,nan,0.01
14.347292,9.99288917e-01,0.000000,nan,0.01
14.414705,1.50795949e+00,0.000000,nan,0.01
14.157167,1.33926308e+00,0.000000,nan,0.01
14.274711,1.94871926e+00,0.000000,nan,0.01
14.143439,1.31817222e+00,0.000000,nan,0.01
14.200871,1.27197731e+00,0.000000,nan,0.01
14.461956,1.03922045e+00,0.000000,nan,0.01
14.348230,9.75458443e-01,0.000000,nan,0.01
13.964087,1.10346127e+00,0.000000,nan,0.01
14.455703,1.07488716e+00,0.000000,nan,0.01
14.216236,1.64503694e+00,0.000000,nan,0.01
14.242966,1.49217451e+00,0.000000,nan,0.01
14.075984,1.48780084e+00,0.000000,nan,0.01
14.312554,1.40365934e+00,0.000000,nan,0.01
14.225608,1.18509543e+00,0.000000,nan,0.01
14.042643,8.95746708e-01,0.000000,nan,0.01
14.113251,1.18953896e+00,0.000000,nan,0.01
14.459049,1.21207762e+00,0.000000,nan,0.01
14.092547,1.91970110e+00,0.000000,nan,0.01
14.367655,1.09986830e+00,0.000000,nan,0.01
14.157237,1.71798718e+00,0.000000,nan,0.01
14.343504,9.37439919e-01,0.000000,nan,0.01
14.074727,1.28979909e+00,0.000000,nan,0.01
14.109888,9.78712618e-01,0.000000,nan,0.01
16.505655,1.28223288e+00,0.000000,nan,0.001
16.622175,1.27578259e+00,0.000000,nan,0.001
16.457464,1.18463016e+00,0.000000,nan,0.001
16.542936,1.19915247e+00,0.000000,nan,0.001
16.561079,1.29947805e+00,0.000000,nan,0.001
16.523922,1.23336661e+00,0.000000,nan,0.001
16.447466,1.17693067e+00,0.000000,nan,0.001
16.503422,1.32199764e+00,0.000000,nan,0.001
16.580845,1.27599573e+00,0.000000,nan,0.001
16.568712,1.19971049e+00,0.000000,nan,0.001
16.473915,1.25258791e+00,0.000000,nan,0.001
16.570427,1.23564661e+00,0.000000,nan,0.001
16.552744,1.21829569e+00,0.000000,nan,0.001
16.551918,1.24790156e+00,0.000000,nan,0.001
16.493864,1.23484933e+00,0.000000,nan,0.001
16.654039,1.22198832e+00,0.000000,nan,0.001
16.445490,1.95140254e+00,0.000000,nan,0.001
16.490238,1.23522174e+00,0.000000,nan,0.001
16.535715,1.31068707e+00,0.000000,nan,0.001
16.397425,1.29153109e+00,0.000000,nan,0.001
16.437674,1.21702075e+00,0.000000,nan,0.001
16.431255,1.23340690e+00,0.000000,nan,0.001
16.421789,1.26108623e+00,0.000000,nan,0.001
16.489517,1.24795330e+00,0.000000,nan,0.001
16.642830,1.24759936e+00,0.000000,nan,0.001
16.520828,1.30196750e+00,0.000000,nan,0.001
16.507900,1.22146964e+00,0.000000,nan,0.001
16.624102,1.22249091e+00,0.000000,nan,0.001
16.597841,1.25649464e+00,0.000000,nan,0.001
16.602421,1.19415247e+00,0.000000,nan,0.001
16.500460,1.24404514e+00,0.000000,nan,0.001
16.465618,1.27320111e+00,0.000000,nan,0.001
16.530962,1.29464185e+00,0.000000,nan,0.001
16.459490,1.24464703e+00,0.000000,nan,0.001
16.497517,1.29852772e+00,0.000000,nan,0.001
16.616444,1.20497859e+00,0.000000,nan,0.001
16.438967,1.22748816e+00,0.000000,nan,0.001
16.520058,1.25516021e+00,0.000000,nan,0.001
16.560240,1.24043548e+00,0.000000,nan,0.001
16.436382,1.17401135e+00,0.000000,nan,0.001
16.539713,1.19682276e+00,0.000000,nan,0.001
16.582605,1.21433902e+00,0.000000,nan,0.001
16.593306,1.23960769e+00,0.000000,nan,0.001
16.501200,1.29152966e+00,0.000000,nan,0.001
16.519289,1.31894016e+00,0.000000,nan,0.001
16.654039,1.31894016e+00,0.000000,nan,0.001
16.497517,1.21488452e+00,0.000000,nan,0.001
16.588818,1.26617742e+00,0.000000,nan,0.001
16.623138,1.22882509e+00,0.000000,nan,0.001
16.534124,1.27795422e+00,0.000000,nan,0.001
16.691689,1.17991424e+00,0.000000,nan,0.001
17.090584,1.23982084e+00,0.000000,nan,0
17.090584,1.23982084e+00,0.000000,nan,0
17.090584,1.23982084e+00,0.000000,nan,0
17.090584,1.23982084e+00,0.000000,nan,0
17.090584,1.23982084e+00,0.000000,nan,0
17.090584,1.23982084e+00,0.000000,nan,0
17.090584,1.23982084e+00,0.000000,nan,0
17.090584,1.23982084e+00,0.000000,nan,0
17.090584,1.23982084e+00,0.000000,nan,0
17.090584,1.23982084e+00,0.000000,nan,0
17.090584,1.23982084e+00,0.000000,nan,0
17.090584,1.23982084e+00,0.000000,nan,0
17.090584,1.23982084e+00,0.000000,nan,0
17.090584,1.23982084e+00,0.000000,nan,0
17.090584,1.23982370e+00,0.000000,nan,0
17.090584,1.23982084e+00,0.000000,nan,0
17.090584,1.23982084e+00,0.000000,nan,0
17.090584,1.23982084e+00,0.000000,nan,0
17.090584,1.23982084e+00,0.000000,nan,0
17.090584,1.23982084e+00,0.000000,nan,0
17.090584,1.23982084e+00,0.000000,nan,0
17.090584,1.23982084e+00,0.000000,nan,0
17.090584,1.23982084e+00,0.000000,nan,0
17.090584,1.23982084e+00,0.000000,nan,0
17.090584,1.23982084e+00,0.000000,nan,0
17.090584,1.23982084e+00,0.000000,nan,0
17.090584,1.23982084e+00,0.000000,nan,0
17.090584,1.23982084e+00,0.000000,nan,0
17.090584,1.23982084e+00,0.000000,nan,0
17.090584,1.23982084e+00,0.000000,nan,0
17.090584,1.23982668e+00,0.000000,nan,0
17.090584,1.23982084e+00,0.000000,nan,0
17.090584,1.23982084e+00,0.000000,nan,0
17.090584,1.23982084e+00,0.000000,nan,0
17.090584,1.23982084e+00,0.000000,nan,0
17.090584,1.23982084e+00,0.000000,nan,0
17.090584,1.23982084e+00,0.000000,nan,0
17.090584,1.23982084e+00,0.000000,nan,0
17.090584,1.23982370e+00,0.000000,nan,0
17.090584,1.23982084e+00,0.000000,nan,0
17.090584,1.23982084e+00,0.000000,nan,0
17.090584,1.23982084e+00,0.000000,nan,0
17.090584,1.23982084e+00,0.000000,nan,0
17.090584,1.23982084e+00,0.000000,nan,0
17.090584,1.23982084e+00,0.000000,nan,0
17.090584,1.23982084e+00,0.000000,nan,0
17.090584,1.23982084e+00,0.000000,nan,0
17.090584,1.23982084e+00,0.000000,nan,0
17.090584,1.23982084e+00,0.000000,nan,0
17.090584,1.23982084e+00,0.000000,nan,0
17.090584,1.23982084e+00,0.000000,nan,0
17.090584,1.23982084e+00,0.000000,nan,0
-8.220139,1.13698101e+00,-7.092953,9.82807636e+00,2
-8.220139,1.13698101e+00,-4.197640,3.46744561e+00,2
-3.752619,1.38942158e+00,-4.197640,3.46744561e+00,2
-13.594360,3.33469748e+00,-6.081236,2.49912548e+00,2
-13.594360,3.33469748e+00,-6.081236,2.49912548e+00,2
-12.379082,1.97202921e+00,-0.585251,2.41689181e+00,2
-4.460258,1.77307427e+00,-1.174239,1.31741476e+00,2
-7.416827,2.01185679e+00,-5.871878,5.82067680e+00,2
-3.772482,9.96968687e-01,-8.676121,1.89994466e+00,2
-1.258323,4.14658976e+00,-8.676121,1.89994466e+00,2
-1.258323,4.14658976e+00,-9.894046,1.64586365e+00,2
-5.598696,9.64768231e-01,-9.894046,1.64586365e+00,2
-5.598696,9.64768231e-01,-9.894046,1.64586365e+00,2
-5.598696,9.64768231e-01,-9.894046,1.64586365e+00,2
-5.598696,9.64768231e-01,-9.894046,1.64586365e+00,2
-5.598696,9.64768231e-01,0.233344,1.24098701e+01,2
-10.963580,3.56731105e+00,0.233344,1.24098701e+01,2
-10.963580,3.56731105e+00,-3.128962,2.09089017e+00,2
-10.963580,3.56731105e+00,-3.297353,2.07284164e+00,2
-6.121031,1.38213801e+00,-15.263569,3.11716413e+00,2
-6.121031,1.38213801e+00,-5.874419,5.82368898e+00,2
-6.121031,1.38213801e+00,-2.928774,2.17056680e+00,2
-6.121031,1.38213801e+00,-12.338827,1.51751721e+00,2
-6.121031,1.38213801e+00,-7.384854,6.59497166e+00,2
-6.121031,1.38213801e+00,-7.384854,6.59497166e+00,2
1.402357,1.95258331e+00,-2.837706,2.98009825e+00,2
1.893773,8.17253017e+00,-7.856863,1.75519192e+00,2
1.893773,8.17253017e+00,-2.635913,3.62523890e+00,2
-7.626535,1.39274716e+00,-6.854261,1.78601301e+00,2
-7.626535,1.39274716e+00,-11.843702,2.02196336e+00,2
-22.943251,1.79247940e+00,-26.616234,1.48323095e+00,2
-24.713917,2.73753810e+00,-4.310471,1.58571458e+00,2
-12.542327,1.20516002e+00,-4.743775,7.88447082e-01,2
-2.724052,1.63808346e+00,-4.950555,5.24712706e+00,2
-8.446898,3.02151704e+00,-3.017393,1.56791496e+00,2
-8.446898,3.02151704e+00,-5.030733,3.06947374e+00,2
-19.803820,5.15391445e+00,-4.312428,2.24734235e+00,2
-0.051001,1.25925398e+00,-7.389340,1.48857307e+00,2
-0.051001,1.25925398e+00,-1.107317,3.42855215e+00,2
-14.843489,1.81028688e+00,-1.107317,3.42855215e+00,2
-14.843489,1.81028688e+00,-1.107317,3.42855215e+00,2
-14.843489,1.81028688e+00,-18.249472,2.17790604e+00,2
-3.227484,1.84241772e+00,-18.249472,2.17790604e+00,2
-13.415473,1.73699868e+00,-18.249472,2.17790604e+00,2
-13.415473,1.73699868e+00,-18.249472,2.17790604e+00,2
-7.485721,1.16373789e+00,-18.249472,2.17790604e+00,2
-7.485721,1.16373789e+00,-2.922401,1.69950438e+00,2
-13.764639,1.16371083e+00,-2.492957,3.05670333e+00,2
-13.764639,1.16371083e+00,-39.474491,5.54455614e+00,2
-13.764639,1.16371083e+00,-39.474491,5.54455614e+00,2
-14.652554,1.76546085e+00,-8.301846,5.23567963e+00,2
-2.723342,1.14362895e+00,-1.758343,1.62689686e+00,2
-2.723342,1.14362895e+00,-1.758343,1.62689686e+00,2
-15.689998,4.99520016e+00,-13.049799,2.37969947e+00,2
-10.232570,2.85414958e+00,-5.889485,1.11440551e+00,2
-9.640444,2.10352969e+00,-4.194242,1.79187942e+00,2
-9.640444,2.10352969e+00,-4.194242,1.79187942e+00,2
-3.973791,2.86590743e+00,-4.194242,1.79187942e+00,2
-13.049890,2.79527640e+00,-7.685405,1.82495928e+00,2
-13.049890,2.79527640e+00,-7.685405,1.82495928e+00,2
-0.037769,3.84936666e+00,-2.660834,2.05591702e+00,2
-0.037769,3.84936666e+00,-2.660834,2.05591702e+00,2
-8.058460,1.99723971e+00,-3.325834,1.81642306e+00,2
-3.641645,3.06227469e+00,-14.663463,2.54302526e+00,2
-3.641645,3.06227469e+00,-5.949869,1.43051589e+00,2
-3.641645,3.06227469e+00,-3.197252,2.84675288e+00,2
-1.593033,1.60456550e+00,-8.592275,1.07263529e+00,2
-12.110526,5.61095810e+00,-3.383270,1.32048833e+00,5
-12.110526,5.61095810e+00,-3.383270,1.32048833e+00,5
-6.653406,1.12784302e+00,-0.609561,3.84345603e+00,5
-4.958855,1.39652336e+00,-2.308373,2.79169393e+00,5
-4.958855,1.39652336e+00,-2.308373,2.79169393e+00,5
-4.958855,1.39652336e+00,-2.228346,2.60213161e+00,5
-1.877104,1.61920977e+00,-4.716673,2.21016788e+00,5
-9.919754,2.68494463e+00,-3.103207,2.86406946e+00,5
-9.919754,2.68494463e+00,3.531841,3.64226794e+00,5
-4.622893,1.32975817e+00,-6.806507,1.56517959e+00,5
-8.382359,2.03304219e+00,-6.806507,1.56517959e+00,5
-18.552820,1.62521696e+00,-6.806507,1.56517959e+00,5
-3.545054,3.01820636e+00,-6.806507,1.56517959e+00,5
-3.545054,3.01820636e+00,-6.806507,1.56517959e+00,5
-3.545054,3.01820636e+00,-8.758641,3.09437132e+00,5
-3.545054,3.01820636e+00,-4.806765,1.67805493e+00,5
-3.545054,3.01820636e+00,-13.922405,2.16937304e+00,5
-3.545054,3.01820636e+00,-13.922405,2.16937304e+00,5
-6.508049,6.08797789e+00,-1.824135,8.30304265e-01,5
-6.508049,6.08797789e+00,-5.219270,1.47563481e+00,5
-6.508049,6.08797789e+00,-12.255561,4.49183369e+00,5
-6.508049,6.08797789e+00,-18.138805,1.31917489e+00,5
-7.561263,3.77431464e+00,-18.138805,1.31917489e+00,5
-7.561263,3.77431464e+00,-9.779778,1.72085559e+00,5
-7.561263,3.77431464e+00,-9.779778,1.72085559e+00,5
-7.561263,3.77431464e+00,-9.779778,1.72085559e+00,5
0.862621,2.93747330e+00,-9.779778,1.72085559e+00,5
0.862621,2.93747330e+00,-9.779778,1.72085559e+00,5
0.862621,2.93747330e+00,-9.779778,1.72085559e+00,5
-7.032284,3.66307998e+00,1.658901,2.06388736e+00,5
-7.032284,3.66307998e+00,1.658901,2.06388736e+00,5
-12.037018,2.81462288e+00,1.658901,2.06388736e+00,5
-5.702146,1.75346851e+00,1.658901,2.06388736e+00,5
-4.580025,1.65349305e+00,1.658901,2.06388736e+00,5
-15.620546,1.63002288e+00,1.658901,2.06388736e+00,5
-5.670605,3.35784054e+00,1.658901,2.06388736e+00,5
-5.670605,3.35784054e+00,0.277035,1.36040010e+01,5
-28.935604,1.75528765e+00,0.277035,1.36040010e+01,5
-0.412920,1.53357279e+00,-2.705581,1.72436476e+00,5
-0.412920,1.53357279e+00,-2.705581,1.72436476e+00,5
-0.412920,1.53357279e+00,-1.099573,3.92271495e+00,5
-0.412920,1.53357279e+00,-1.099573,3.92271495e+00,5
-21.108578,2.54578781e+00,-1.099573,3.92271495e+00,5
-14.904407,5.78131247e+00,0.000000,nan,10
-14.904407,5.78131247e+00,0.000000,nan,10
-14.904407,5.78131247e+00,0.000000,nan,10
-5.541770,1.89136028e+00,0.000000,nan,10
-5.541770,1.89136028e+00,-6.415384,4.94891930e+00,10
-6.810974,2.37650347e+00,-6.415384,4.94891930e+00,10
-6.810974,2.37650347e+00,-6.415384,4.94891930e+00,10
-2.770462,1.60973752e+00,-7.161705,7.43951416e+00,10
-9.043275,2.64931965e+00,-7.267529,1.34166038e+00,10
-9.043275,2.64931965e+00,-7.267529,1.34166038e+00,10
-9.064908,2.04175687e+00,-0.191009,2.76535773e+00,10
-9.064908,2.04175687e+00,-0.191009,2.76535773e+00,10
-2.133916,2.63334656e+00,-4.828148,1.37763774e+00,10
-6.207308,7.24810743e+00,-6.368368,2.66305947e+00,10
-6.207308,7.24810743e+00,-6.368368,2.66305947e+00,10
-5.255237,1.22399366e+00,-7.420626,8.97126198e-01,10
-5.255237,1.22399366e+00,-7.420626,8.97126198e-01,10
-5.255237,1.22399366e+00,-7.420626,8.97126198e-01,10
-5.255237,1.22399366e+00,-8.016177,1.82027626e+00,10
-5.956605,1.32729578e+00,-18.407993,1.42204380e+00,10
-5.956605,1.32729578e+00,-0.969452,3.15902781e+00,10
-10.816747,1.52809310e+00,-7.510858,1.48794484e+00,10
-5.623601,3.65714955e+00,-4.955824,2.53201532e+00,10
-3.427988,5.76819992e+00,-4.955824,2.53201532e+00,10
-3.427988,5.76819992e+00,-6.114588,2.21958113e+00,10
-3.427988,5.76819992e+00,-6.114588,2.21958113e+00,10
0.886064,2.92827630e+00,0.397283,1.83046579e+00,10
0.886064,2.92827630e+00,-4.806888,2.09223533e+00,10
0.886064,2.92827630e+00,-13.699117,3.37354851e+00,10
-9.031995,3.67369890e+00,-13.699117,3.37354851e+00,10
-9.031995,3.67369890e+00,-13.699117,3.37354851e+00,10
-15.922653,2.77129245e+00,-17.653690,4.35885239e+00,10
-5.461481,1.76328564e+00,-6.464070,1.44842887e+00,10
-5.461481,1.76328564e+00,-6.464070,1.44842887e+00,10
-4.743789,1.68362999e+00,-6.464070,1.44842887e+00,10
-4.743789,1.68362999e+00,-3.829822,1.25381982e+00,10
-4.743789,1.68362999e+00,-3.829822,1.25381982e+00,10
-12.220326,1.75803971e+00,-19.991346,2.32529354e+00,10
-0.325044,1.55523610e+00,-19.991346,2.32529354e+00,10
-0.325044,1.55523610e+00,-19.991346,2.32529354e+00,10
-0.325044,1.55523610e+00,-19.704809,1.60678244e+00,10
-25.412996,2.55820537e+00,-7.137131,1.93266368e+00,10
-6.034572,1.53060865e+00,-12.083414,4.50792217e+00,10
-11.138812,1.25214005e+00,-6.284663,5.03012991e+00,10
-11.138812,1.25214005e+00,-0.082194,1.79052413e+00,10
-11.138812,1.25214005e+00,-12.121067,4.16823912e+00,10
-0.290162,8.91488254e-01,-0.851535,8.85785341e-01,10
-0.290162,8.91488254e-01,-9.644669,1.52016497e+00,10
-1.433574,7.37206602e+00,-4.276147,1.15799081e+00,10
-11.341210,1.09850168e+00,-5.946416,1.22333062e+00,10
-4.870652,1.06268466e+00,-5.946416,1.22333062e+00,10
-4.870652,1.06268466e+00,-5.946416,1.22333062e+00,10
-4.870652,1.06268466e+00,-3.887397,2.01287723e+00,10
-4.870652,1.06268466e+00,-10.964704,1.53023028e+00,10
-13.385266,3.36016798e+00,-12.530553,1.62618828e+00,10
-13.385266,3.36016798e+00,-12.530553,1.62618828e+00,10
-4.675996,1.88432968e+00,0.869617,3.24531841e+00,10
-8.039743,2.69130135e+00,0.869617,3.24531841e+00,10
-8.039743,2.69130135e+00,-13.483638,1.93209534e+01,10
-8.039743,2.69130135e+00,-1.657341,1.92274261e+00,10
-4.825562,1.22995389e+00,-2.419740,2.67650390e+00,10
-4.825562,1.22995389e+00,-3.638539,2.19036841e+00,10
-4.825562,1.22995389e+00,-3.638539,2.19036841e+00,10
-4.825562,1.22995389e+00,-3.638539,2.19036841e+00,10
-4.825562,1.22995389e+00,-2.155999,3.12847257e+00,10
1.135414,1.56794155e+00,-6.467640,1.26261306e+00,10
1.135414,1.56794155e+00,-6.467640,1.26261306e+00,10
-5.856231,1.14243948e+00,-5.838274,1.62586915e+00,10
-5.856231,1.14243948e+00,-5.838274,1.62586915e+00,10
-5.856231,1.14243948e+00,0.622848,2.79021096e+00,10
