epoch,mean_loss,lr,attn_type
0,1842.8155029296875,0.001,ComplexMultiheadAttention
0,1818.5649291992188,0.001,ComplexMultiheadAttention
1,1367.432147216797,0.001,ComplexMultiheadAttention
2,1141.7048278808593,0.001,ComplexMultiheadAttention
3,998.9272033691407,0.001,ComplexMultiheadAttention
4,838.8151611328125,0.001,ComplexMultiheadAttention
5,827.6160186767578,0.001,ComplexMultiheadAttention
6,763.7822052001953,0.001,ComplexMultiheadAttention
7,702.0920997619629,0.001,ComplexMultiheadAttention
8,736.9989162445069,0.001,ComplexMultiheadAttention
9,633.5358993530274,0.001,ComplexMultiheadAttention
10,538.8521022796631,0.001,ComplexMultiheadAttention
11,473.9306167602539,0.001,ComplexMultiheadAttention
12,423.5715040206909,0.001,ComplexMultiheadAttention
13,427.4115409851074,0.001,ComplexMultiheadAttention
14,444.81499977111815,0.001,ComplexMultiheadAttention
15,395.62145843505857,0.001,ComplexMultiheadAttention
16,355.94976673126223,0.001,ComplexMultiheadAttention
17,335.0027052402496,0.001,ComplexMultiheadAttention
18,296.6781103134155,0.001,ComplexMultiheadAttention
19,272.43514399528505,0.001,ComplexMultiheadAttention
20,277.0323251724243,0.001,ComplexMultiheadAttention
21,254.310688495636,0.001,ComplexMultiheadAttention
22,260.00771713256836,0.001,ComplexMultiheadAttention
23,287.4183477401733,0.001,ComplexMultiheadAttention
24,369.5385003089905,0.001,ComplexMultiheadAttention
25,378.02056856155394,0.001,ComplexMultiheadAttention
26,394.2968334197998,0.0005,ComplexMultiheadAttention
27,246.34502563476562,0.0005,ComplexMultiheadAttention
28,203.8675407409668,0.0005,ComplexMultiheadAttention
29,160.74120979309083,0.0005,ComplexMultiheadAttention
30,127.28309364318848,0.0005,ComplexMultiheadAttention
31,108.86468024253845,0.0005,ComplexMultiheadAttention
32,82.96305389404297,0.0005,ComplexMultiheadAttention
33,64.0574211359024,0.0005,ComplexMultiheadAttention
34,50.50401532649994,0.0005,ComplexMultiheadAttention
35,41.39495949745178,0.0005,ComplexMultiheadAttention
36,36.79028298854828,0.0005,ComplexMultiheadAttention
37,36.02806572914123,0.0005,ComplexMultiheadAttention
38,42.68097186088562,0.0005,ComplexMultiheadAttention
39,41.263019275665286,0.0005,ComplexMultiheadAttention
40,50.5343243598938,0.0005,ComplexMultiheadAttention
41,61.50433535575867,0.0005,ComplexMultiheadAttention
42,43.13575339317322,0.00025,ComplexMultiheadAttention
43,25.720787858963014,0.00025,ComplexMultiheadAttention
44,19.714803957939147,0.00025,ComplexMultiheadAttention
45,15.832474279403687,0.00025,ComplexMultiheadAttention
46,13.578574466705323,0.00025,ComplexMultiheadAttention
47,12.069229662418365,0.00025,ComplexMultiheadAttention
48,11.035151767730714,0.00025,ComplexMultiheadAttention
49,10.447692131996154,0.00025,ComplexMultiheadAttention
50,10.170686876773834,0.00025,ComplexMultiheadAttention
51,10.36678466796875,0.00025,ComplexMultiheadAttention
52,10.882608246803283,0.00025,ComplexMultiheadAttention
53,11.880651950836182,0.00025,ComplexMultiheadAttention
54,13.060815477371216,0.00025,ComplexMultiheadAttention
55,10.27285315990448,0.000125,ComplexMultiheadAttention
56,6.208273088932037,0.000125,ComplexMultiheadAttention
57,5.643522906303406,0.000125,ComplexMultiheadAttention
58,5.274580335617065,0.000125,ComplexMultiheadAttention
59,4.919521367549896,0.000125,ComplexMultiheadAttention
60,4.709879624843597,0.000125,ComplexMultiheadAttention
61,4.530995380878449,0.000125,ComplexMultiheadAttention
62,4.3617020606994625,0.000125,ComplexMultiheadAttention
63,4.206829857826233,0.000125,ComplexMultiheadAttention
64,4.061397624015808,0.000125,ComplexMultiheadAttention
65,3.923848032951355,0.000125,ComplexMultiheadAttention
66,3.7931114435195923,0.000125,ComplexMultiheadAttention
67,3.6689021587371826,0.000125,ComplexMultiheadAttention
68,3.5506988883018495,0.000125,ComplexMultiheadAttention
69,3.4380155563354493,0.000125,ComplexMultiheadAttention
70,3.3305801510810853,0.000125,ComplexMultiheadAttention
71,3.2280593276023866,0.000125,ComplexMultiheadAttention
72,3.1301732659339905,0.000125,ComplexMultiheadAttention
73,3.0366759181022642,0.000125,ComplexMultiheadAttention
74,2.947319519519806,0.000125,ComplexMultiheadAttention
0,1993.0400024414062,0.001,CosignAttention
1,1843.198583984375,0.001,CosignAttention
2,1774.5039428710938,0.001,CosignAttention
3,1704.3542236328126,0.001,CosignAttention
4,1677.543896484375,0.001,CosignAttention
5,1605.4141479492187,0.001,CosignAttention
6,1560.044744873047,0.001,CosignAttention
7,1467.7211669921876,0.001,CosignAttention
8,1475.7342163085937,0.001,CosignAttention
9,1406.1671508789063,0.001,CosignAttention
10,1309.9554382324218,0.001,CosignAttention
11,1188.1477447509765,0.001,CosignAttention
12,1234.205792236328,0.001,CosignAttention
13,1223.4664825439454,0.001,CosignAttention
14,1016.3216995239258,0.001,CosignAttention
15,990.51669921875,0.001,CosignAttention
16,1020.8036651611328,0.001,CosignAttention
17,955.539362335205,0.001,CosignAttention
18,899.5975456237793,0.001,CosignAttention
19,849.6956817626954,0.001,CosignAttention
20,814.7918605804443,0.001,CosignAttention
21,846.6851760864258,0.001,CosignAttention
22,806.7402465820312,0.001,CosignAttention
23,926.4036962509156,0.001,CosignAttention
24,863.0875854492188,0.001,CosignAttention
25,669.5154659271241,0.001,CosignAttention
26,697.4700233459473,0.001,CosignAttention
27,652.146675491333,0.001,CosignAttention
28,625.7131759643555,0.001,CosignAttention
29,628.5799230575561,0.001,CosignAttention
30,574.3828149795532,0.001,CosignAttention
31,552.0970460891724,0.001,CosignAttention
32,570.6610748291016,0.001,CosignAttention
33,610.7059343338012,0.001,CosignAttention
34,617.4759662628173,0.001,CosignAttention
35,579.6490851402283,0.001,CosignAttention
36,535.1149613380433,0.0005,CosignAttention
37,424.9151568889618,0.0005,CosignAttention
38,376.43938808441163,0.0005,CosignAttention
39,342.1586842536926,0.0005,CosignAttention
40,334.3325900793076,0.0005,CosignAttention
41,330.6852182149887,0.0005,CosignAttention
42,361.7109049081802,0.0005,CosignAttention
43,356.8544682264328,0.0005,CosignAttention
44,394.616717338562,0.0005,CosignAttention
45,304.66425663232803,0.0005,CosignAttention
46,315.59171624183654,0.0005,CosignAttention
47,291.9272530198097,0.0005,CosignAttention
48,308.71870827674866,0.0005,CosignAttention
49,274.51201770305636,0.0005,CosignAttention
50,281.65733317136767,0.0005,CosignAttention
51,259.85733182430266,0.0005,CosignAttention
52,292.647952401638,0.0005,CosignAttention
53,274.64414451122286,0.0005,CosignAttention
54,294.61444158554076,0.0005,CosignAttention
55,242.80083758831023,0.0005,CosignAttention
56,237.3823194026947,0.0005,CosignAttention
57,219.23217720985411,0.0005,CosignAttention
58,235.05932480096817,0.0005,CosignAttention
59,220.41310473680497,0.0005,CosignAttention
60,253.43652213811873,0.0005,CosignAttention
61,210.60846968889237,0.0005,CosignAttention
62,233.5062597990036,0.0005,CosignAttention
63,195.07966631650925,0.0005,CosignAttention
64,191.38840634822844,0.0005,CosignAttention
65,161.08384578227998,0.0005,CosignAttention
66,162.40817021131517,0.0005,CosignAttention
67,149.58903785943986,0.0005,CosignAttention
68,149.12995086908342,0.0005,CosignAttention
69,139.52753598690032,0.0005,CosignAttention
70,142.4288666009903,0.0005,CosignAttention
71,138.3824599444866,0.0005,CosignAttention
72,126.28870743513107,0.0005,CosignAttention
73,113.23190284371375,0.0005,CosignAttention
74,108.43659180998802,0.0005,CosignAttention
0,2040.835302734375,0.001,LinearAttention
1,2040.7360107421875,0.001,LinearAttention
2,2013.0300659179688,0.001,LinearAttention
3,1964.766259765625,0.001,LinearAttention
4,1931.8815307617188,0.001,LinearAttention
5,1920.1256103515625,0.001,LinearAttention
6,1880.022802734375,0.001,LinearAttention
7,1839.0206176757813,0.001,LinearAttention
8,1826.5595825195312,0.001,LinearAttention
9,1864.0904174804687,0.001,LinearAttention
10,1869.9756591796875,0.001,LinearAttention
11,1813.2909912109376,0.001,LinearAttention
12,1749.7807495117188,0.001,LinearAttention
13,1744.5916015625,0.001,LinearAttention
14,1734.2255004882813,0.001,LinearAttention
15,1655.3797729492187,0.001,LinearAttention
16,1604.7299255371095,0.001,LinearAttention
17,1577.1941467285155,0.001,LinearAttention
18,1529.6246032714844,0.001,LinearAttention
19,1502.3927612304688,0.001,LinearAttention
20,1378.1401733398438,0.001,LinearAttention
21,1341.6460205078124,0.001,LinearAttention
22,1303.842578125,0.001,LinearAttention
23,1300.462466430664,0.001,LinearAttention
24,1318.7996063232422,0.001,LinearAttention
25,1280.2941116333009,0.001,LinearAttention
26,1274.8356018066406,0.001,LinearAttention
27,1306.010272216797,0.001,LinearAttention
28,1245.6406158447267,0.001,LinearAttention
29,1182.3255752563477,0.001,LinearAttention
30,1213.6895278930665,0.001,LinearAttention
31,1196.549742126465,0.001,LinearAttention
32,1230.6693603515625,0.001,LinearAttention
33,1165.4981399536132,0.001,LinearAttention
34,1122.2471588134765,0.001,LinearAttention
35,1092.792935180664,0.001,LinearAttention
36,1395.0915939331055,0.001,LinearAttention
37,1272.901626586914,0.001,LinearAttention
38,1263.5765594482423,0.001,LinearAttention
39,1162.1831916809083,0.001,LinearAttention
40,1163.1477493286134,0.0005,LinearAttention
41,1088.5472190856933,0.0005,LinearAttention
42,1055.933871459961,0.0005,LinearAttention
43,1039.7542121887207,0.0005,LinearAttention
44,1026.2041328430175,0.0005,LinearAttention
45,1016.8488845825195,0.0005,LinearAttention
46,1013.5966712951661,0.0005,LinearAttention
47,1008.9597984313965,0.0005,LinearAttention
48,1005.5041519165039,0.0005,LinearAttention
49,997.1630798339844,0.0005,LinearAttention
50,989.0751739501953,0.0005,LinearAttention
51,984.9556304931641,0.0005,LinearAttention
52,979.6337921142579,0.0005,LinearAttention
53,976.2814849853515,0.0005,LinearAttention
54,975.6356224060058,0.0005,LinearAttention
55,979.5116104125976,0.0005,LinearAttention
56,985.5162460327149,0.0005,LinearAttention
57,990.632716369629,0.0005,LinearAttention
58,994.2352474212646,0.0005,LinearAttention
59,982.6494380950928,0.00025,LinearAttention
60,979.1569839477539,0.00025,LinearAttention
61,977.2116615295411,0.00025,LinearAttention
62,975.3024505615234,0.00025,LinearAttention
63,975.1104843139649,0.00025,LinearAttention
64,973.3544048309326,0.00025,LinearAttention
65,983.2685279846191,0.00025,LinearAttention
66,983.6013381958007,0.00025,LinearAttention
67,981.2106681823731,0.00025,LinearAttention
68,978.2072120666504,0.00025,LinearAttention
69,976.9809425354003,0.000125,LinearAttention
70,976.0046493530274,0.000125,LinearAttention
71,974.7013328552246,0.000125,LinearAttention
72,973.6680969238281,0.000125,LinearAttention
73,973.6133449554443,6.25e-05,LinearAttention
74,973.0464962005615,6.25e-05,LinearAttention

